0,1,2,3,4,5,6,7,8,9
0.942985429129096,-2.4566790228362767,-1.7836663546035663,-0.5655110323401656,1.3815701700556946,1.2978618690159969,0.3224629151881626,-0.050891462107818586,-0.3049028510458236,-0.566443030877534
0.33111088750673745,-1.7036487105363507,1.7128732730364105,-0.7566868815188259,-0.6040889036570364,-0.4279044603673496,0.5475665987724303,-0.16712031671565633,1.9438886773185517,-1.5894301538561795
1.9367150556010904,0.4201530736217595,-0.9632618781425377,0.1594539364443578,0.45867202726433104,-1.2652580110388238,-0.23651919112680894,0.8502750819331599,0.45531585889901816,-1.798823535289182
3.002206586926149,-0.2981490746708833,1.3690883079179963,4.694610448878022,-0.8056956436198648,1.085927611385284,-2.351969033110081,1.0465925294536218,-1.5714241500645363,-0.9866951865124275
-2.322215214274631,0.26360218975797867,0.4721128989146686,-1.6391884077533951,-1.0749678118646853,-1.730619647118248,1.089878700721688,-0.1484843790437295,0.5281589500041155,-0.35891396158792077
3.1714078878495826,0.7312659243843918,-0.88036754567718,0.1533045581724799,-0.5304598784980189,-0.07466426984056783,-1.4363509578737945,0.4172756156576533,0.036265437800105764,-0.5136099705937056
0.002896102092159958,0.22807041708127174,0.03576449432544537,-0.35223535086201474,0.35326357812960724,1.978144193572603,0.27715711546674093,1.3582702479386755,-0.7995262798485654,1.253695845073961
0.4275763464173561,-2.028523912627772,1.2177640318176886,0.3856715550971024,-0.0817998823046632,-0.9169294112674935,-0.7618080005799169,-0.2970917476021178,0.4958583769432295,0.5022598534466909
0.6733261836488457,0.9661904030944017,0.30661864034569947,1.5197736984598753,0.5433316711345948,-1.1933400777946515,-0.09164999061179534,0.9110626060900955,-0.9893279216905504,-0.4679651691249809
1.1970076201428739,-0.1869217991021999,-0.9397773040961594,1.2727640267917026,0.5027873786611338,1.1721340903265598,0.008522839888454056,-0.46268191192411995,0.23703446578911247,0.6167533477573712
1.3104065820643993,-0.47232483447197615,0.6588174681255268,-0.1889845877949753,0.5685282155278454,-0.060937146472811315,-0.30989050686092534,-1.0576474242460137,0.37325526959234345,-0.16816898252969326
-1.8084187572270733,1.936655873094114,-1.3122024509092998,-2.5737567236681698,-0.01752105054407108,-0.23670791304227984,1.139957300254214,1.3876014684902442,0.18228031639134207,-1.3643463628901003
-1.9519897754912687,1.4773404214071757,-0.6482506065696593,-1.494279192421752,1.249684518074512,-1.2567294178772197,1.7795758728939175,-0.025546383688009423,0.9308150237872093,-2.2483981292229354
1.1898530368348006,-0.08489010854954045,0.3189773759932411,-0.15382365807626028,1.7539529016726123,-1.7802228199648134,0.11239728207736954,-0.2515875480284778,-0.5990944642089756,-0.3382774430501403
-3.0771549138330805,0.42769657009594103,2.5400529218663332,-1.7637193337251984,-0.6289140987127538,-0.7402746940056784,0.8701315306440239,-1.4886543095607925,-1.0780709254686256,1.2918230208095982
-0.7585841495986198,-0.304279591720672,-0.6841493391934583,-2.924632205788806,-0.8961343314912625,0.549766015308164,0.653850501854254,-0.4218809129487309,0.397129232877993,-0.8393092872195859
2.8320708968207606,0.20462457074360144,-0.7795689991855066,3.006719923160351,-1.0376069420380793,2.375163128819829,-1.3169643642852356,0.9638242052480018,-1.6274767945628028,-0.28379905272211525
-2.4603090287370053,-0.08333816351571977,-0.6423825013137237,-1.1111097344869207,-0.1469050595315092,-0.6211131091013483,0.9449895019369974,-1.1504233301299864,1.8652572574344632,-0.4251529430814183
-0.4481892412488011,1.8289309387324877,1.2845490233780243,-2.2564229786629273,0.43111327751527295,0.19201767143069026,0.9912627951863788,0.7993705834250318,-0.4455640426601783,-1.6633231772830739
-1.2166255584687915,-0.24417947781846558,0.679144155821841,-1.6751281148766084,0.719230328335521,-1.3039282804320698,0.7402669042552881,-0.8633018889438798,0.5083580535528558,-1.5613800155156707
0.9566425243865606,0.475260833707962,1.3726490156307443,0.6261243206925308,-0.23050110593191314,0.8428289054301812,0.5340828862376306,-0.8245885114280724,0.46045324130094306,-0.5304926555473299
0.46370289576883844,-0.7142161898132579,-0.9257725340401223,2.569955024895543,0.15277123537647683,1.2023450732755776,-0.4070039422125847,-0.06001388083632082,0.534271969323382,-0.06430981914810681
1.8699476194255031,-1.186935868484489,1.2782678063655735,1.7328530166191698,-1.0463329580208722,-0.8859542216126028,-1.5815365723207715,1.3339521802272216,-0.8575435368395468,0.4118244680836922
-1.6731544465636197,0.6088908373077195,0.36076043566786686,0.9828487297332563,0.004023366145307074,0.30517715556153324,-0.05553343675643219,-0.4276964048867422,0.7945366364060238,0.7323757345878428
0.18983703809027463,0.5042227913877294,0.595662315069402,-0.12731334065291772,0.37883819282336734,-0.9683300749174205,0.3322349230227457,0.007922745102661295,-0.6120783331979232,-0.5472362453494678
-2.8278555504613214,-0.5139956225811974,-0.5947201235778101,-1.0892370300479708,-0.20354905099067203,0.2933674806045779,1.7800314228311047,-1.093725268450756,0.575202189140745,-0.9827109970867579
-1.7161316440525223,0.818475365163381,-0.9079473299966404,-0.41400624014326637,0.7217025431526299,1.0932020809932603,0.8686149050227941,-1.2374852983635196,-0.8845299175587028,0.6496219568122967
1.9513569994400912,1.156600110070067,-1.0513233333530045,0.7434363441445893,0.7232169908855214,0.11812683852841763,-0.30199133542530177,0.17931272308672427,-0.8152000138755304,-0.343017414135885
-1.168406388114708,-0.8036888375103498,0.09253448105143022,-0.6217304493219639,-0.5527767853457165,0.7465155364508265,0.7239224878055871,0.5548018843471428,1.758599302744062,-0.5778267797759822
-1.4453588073686587,-0.5515622786265142,-1.3752704102909648,0.5633120648935431,1.4671254304171288,0.23804030351492134,0.7408353208603173,0.07143611238038261,0.1824205765731336,0.5550323286447802
0.3359890139639159,-0.33241379291871,-1.3464800942914146,1.3886768237474758,1.0204017949080793,-0.5707385622777951,-0.5841956158439416,-0.486338701843075,-0.8275078783815033,0.10623310393301987
0.6183270143629868,1.8445164904184608,-0.6474255795597557,-1.280853525333936,0.7129048354583611,2.0288501545005473,0.008703138534244327,1.0030321466154661,-0.5744956384828612,0.8944649679608049
-1.2964346772209003,-0.4227759432153873,1.1240820369893607,-0.30037740907084265,0.5523325180986904,-1.4652533928557456,1.1649579306819549,0.8496097683325732,0.2667187088186188,-0.7427137546578158
-3.068977382340609,0.4876594291581097,1.2258103332213814,0.02357615595193291,0.49813762213818397,-0.16838242342351722,0.1948648844913937,1.1100643933629015,0.1329132889511513,-0.3950650262624727
-2.326326850196197,-0.3758276949817914,-0.11564503397742759,-4.009318273531111,0.6238655093385218,-0.09969263138199615,1.7028849245262592,-0.11090139209164572,-0.2783039216172205,0.7099770749486918
1.2282625407014416,0.22785076629178444,-0.30103269515764025,-0.7071107623953067,-0.16882719867980348,0.23930629741828155,0.05107190944417759,1.6671236690791669,-2.2602473615145153,-0.4991712981650106
-5.028779746042927,0.703788681874696,-1.2993993312681635,-2.225257030664821,-1.487881247953891,-0.3877351017514711,2.592856864189462,-0.21179213560838983,0.10371057667669208,-0.15565873182513468
1.920549833577673,-0.7977998851375934,-0.012229777603286245,1.715451271033136,-0.15930560984163153,-0.08250453384237223,-1.1828383230531903,0.6964313619276734,0.15748328225587574,-1.7962926488465871
2.5534040690200643,-0.6758999313854687,-0.09606648270486008,0.909378836007063,2.215425740334368,-0.9102905003461553,-0.09866174047988889,0.0690168456230857,-0.4853440003510404,0.43791333139940514
0.5627517519101528,-0.9225463254788417,-0.8432265710614595,-1.508995243074009,0.22500717324916727,-0.2659757492767054,-0.23614959939260455,0.5857655915477147,-0.5350389559420266,1.368080824072183
-0.1339834252407318,-0.448586345696576,0.6884076597686148,-0.34346290729240936,-0.6911558197024282,0.5590765423879689,-0.3047956799465087,-0.17738908756467334,-1.9093538912930257,-0.9937347378219135
-1.3666241045263077,0.1819790990558298,-0.3339404529075706,0.7028139189955968,-0.3174241096397812,-0.5958339143049006,0.6345947025083342,-0.5300229984828843,-0.2600910601348506,1.1280245683742294
-3.244986383654957,-0.22008376203970145,-0.3491232884572569,-2.595603812849015,-0.8453627699745094,1.243119347836949,2.224716429244171,0.7710751426147203,2.322867094054963,0.4355438091342451
1.4565988739094784,0.02495618334309599,1.8789033514644073,1.7452783684317343,-2.988733121068336,-0.102360286478742,-1.4827275508061037,-0.10075751216530189,-0.5733542034931013,-1.2691671588423163
1.8909631838105327,-0.891894812152765,0.5128934637834613,0.055146040897350423,-0.8921914921272966,-1.019240391343406,-0.769100691678824,1.0250607053761922,-1.4874594569307744,0.14717548662410382
-2.270134795260244,0.570080807385633,-1.5982906139866426,-1.638629822091425,0.4319655314390275,-1.545834954260195,0.810613843879636,-1.1267416440642164,1.358164220884251,-1.2566475398366945
-4.48659356184821,2.6632275648347545,0.6216709281972,-1.6722556024779616,-1.12531116300718,-0.5040059928715184,0.9536323152506182,0.530282689225199,0.6444376904946424,0.32829590672350983
-1.1807326797243516,0.41028946743289096,-0.7862615193051496,-1.5490801953817452,1.2898030199254598,0.5481647358267513,0.7526500685824992,-1.3176810479985102,-1.459058866508611,1.1145355340472476
-0.06207753841435221,0.4856518934684094,0.18437899529994853,-0.3528890770777945,-0.1511181780677201,0.4450441202966227,-0.10741463122382794,0.30435213298340213,-1.306516615176103,-1.3627714406913694
2.4711464650550172,1.3115265470711108,0.5058165549249936,-0.09788935802319898,1.1952846590118402,2.097715655279608,-1.2831614543375172,-0.4625742389944417,0.8290889012136512,0.8412669687465216
0.5369542787719477,-0.2356494528193803,-0.7671087265207918,-0.053027725945138326,0.7568048965318783,0.6638055134467392,0.2378974000849813,0.4650064835735497,-0.1695345645336799,-1.2545026539315673
5.788382087798488,-1.4801797780996406,0.5144231644203542,5.25882529943641,-0.767663824761846,0.7205659849994259,-3.106372801021099,1.243650981045181,-0.5108733319451153,-1.5667336716826585
0.4030462133516516,-0.021484754247785162,-0.017819785466550574,1.118641450078847,0.04199209510247019,1.7957198095198588,0.01486099873592055,1.909692915802434,-1.1196242624538981,0.13179356544933554
4.111173071071809,1.052790681374981,1.6734880769420941,1.9647250019239113,0.1503981982566092,1.6780970309137448,-1.9598601420186255,-1.460587497095956,-1.025762887341158,0.5357580005017839
-0.09250508131454782,-0.11740221917837314,-0.20932017736509415,-1.1823633506997027,-0.31203435137595664,0.6918185553969213,0.2963923705079108,-0.055804310620205355,1.0518986140724167,-0.16164501833590336
2.155423981657386,1.8285082572069604,-0.7606090334342871,1.5300696301190149,-0.3858622281169506,1.4664485183172022,-1.0316475260155782,0.19811225897770396,0.901301607860302,-0.5854293827910225
0.6895500559855268,-0.016677131251422967,0.5490374319089266,-1.0345917349315323,-0.06784041551233028,-0.11411930809866318,-0.6935362948828196,0.016220259608444202,0.8469306041316118,-1.722102634842613
0.9434988539184228,1.870111072119161,1.610728051929496,-0.02681695156018571,-2.385577046061428,2.921091626170762,-0.9152256603772989,0.4907939319509086,-0.1142354467196793,1.1030828473330754
2.1847500566535967,-0.38030714909080215,0.6331512044938825,1.607128793983994,-0.015314051336817996,-1.9890745821395037,-0.9632141246900938,0.17640329728612042,0.56952694276261,2.217318059699584
-2.030973172543171,0.42869793696936015,0.10534539504620939,0.8964720385624777,-0.40165339828464536,-1.540699702321409,0.6269990031331261,-0.6520332278700213,0.33064647901290695,0.7455553287724925
-0.35444712539205303,0.3618958857281997,1.935414075922136,0.17290921096442602,-2.622061896311199,1.7171724149700427,-0.4869544102078224,-2.5584529179796185,0.4168052388232592,-1.4987329346338791
0.4994977257763185,0.46756760552524723,1.7889915945523698,1.6039234574682877,-1.0270819597265515,0.8087381876764647,-0.24896176302598566,1.3368870215607116,0.5383699565080122,-0.06413981659658911
3.975633475860255,-1.518028699550133,1.4570015346804568,0.8821787285028335,0.1776226517431893,0.3275212894162364,-1.4259768012313105,-0.5588589164359917,-0.8239101102735628,-0.27387460404531916
-2.221379286969153,-1.8930448255241243,0.719828004334377,0.7716371430223835,-0.07437867349439496,-1.4678607066997438,0.550372390686931,0.17636083856881363,-0.40627118169060483,-0.55914247136999
0.36797318360630676,-0.7850865314132708,-0.8570008895558955,1.048629636237303,1.1080442104619623,-0.07875059626537366,0.22935558769964598,1.3314414645873291,1.2056757897351755,-1.7655489276003853
-0.3023498782798233,-1.605294066527732,0.7891226849161113,0.34379192899202127,0.6395096523078477,0.1246207645146132,0.9577861818231574,1.6378499122649495,1.043435176865344,0.30819238492215056
-0.20341673522727188,1.4318402273835922,-1.3621379215721972,1.1314166288148735,-2.274698406752462,-0.32882493374769595,-0.2933970570211166,0.7205118004290881,0.7301737582183021,0.8074992505391194
0.9892737585963163,-1.9421901232476086,1.2276329086661473,1.7770277450928385,0.2650253160665351,-0.579692703346577,-0.41728963983616824,0.45182209690151426,0.5945476467487492,-0.21540067121323317
0.945280706522759,1.1399533936402921,0.5926461985404063,0.5979569666658782,-1.4034021399967644,-1.870434468463037,-1.3565120686637604,-0.7873144125610744,-1.6651176909929128,-0.4626591450036771
-2.3679734257773455,-0.6171659331850511,1.5937048003470775,-0.403989741094285,-0.7975584025248702,2.0759926318532798,0.23206676314663927,-0.6643810642375069,-1.3194291323434173,0.4717462676875488
-0.2076133660511914,-1.7755585916722587,-0.806621719591667,2.041999306378684,1.1496035098579602,1.962459473297034,-0.5933746291895813,-0.7486176353492526,-0.6608636573377727,0.41192657438284536
-0.5237054853682783,-1.1182054734488387,0.832966999540207,-1.9061982795441537,0.1524526323978331,-0.7587009591509419,0.2636317062873986,0.587963456883582,-1.819215738529366,1.0960847209654712
2.9921104619751135,-1.6063870128175115,0.04852403061806229,-0.18735040775583167,-0.4928857935418261,-1.188610947499375,-1.4151815479042398,2.113598620623729,-1.4947904609256664,-0.3165421384996591
0.7771051591750554,-0.8146760803322225,-1.261357387610061,0.8570912309002492,1.3285383524762033,-1.5673536606548601,-0.5386904976555016,0.3580042763115154,0.2708516245573605,-0.7460610846711229
1.477467636449234,0.321280904793401,-0.3770838215480123,-0.39883441364191036,-0.6535335522203183,0.2988633451619131,-0.31551032878433216,-0.3932122589378034,-0.8205985759471935,-1.6934235442380638
-0.03172284627912958,-0.12393044336653174,0.8999290311923718,-1.3449326477660615,1.4391070752817863,-0.32751480332023714,0.25683790362498443,-1.1353582237961817,0.14606522598593785,-0.760752272180251
-1.900576174237585,0.022121256167260323,0.8111372412210285,-0.14719927880834455,-1.0857759714730872,-0.19936106234132875,0.2837860682593942,-0.7141479345498897,-1.758963003064991,-2.811107558560185
1.0419775762750314,-0.3212865084921291,-0.9034525345982787,0.014715878493787027,-0.7577877437768255,0.5944479886330614,-0.38245255844764103,0.9972834389112664,-0.6117819012342612,0.42052631870831597
-2.8404202033968717,0.6926180517039678,0.003365660679617085,-2.7263209266176736,-0.7868968891414119,0.965451372997067,1.1739320883835302,-1.1224261875771167,-1.2979730374044254,-1.7972885169760626
-0.0986255224132968,-0.35352351740261306,0.4288262227344416,-0.3024310776695336,-1.0335470871446808,-0.40303314350302233,-0.6057376618590649,-0.5910397492591973,2.2418425201474554,0.8694512734184366
0.8374923271173403,0.8122899601843508,-1.544711375702042,3.0167837263746016,-1.3146129676600589,-0.776929665826702,-0.643022653913104,-0.7892836779665835,-2.2626142184255222,0.5328525517206961
0.8677383574348533,-1.1417877899546955,-1.5375972056438456,0.4093652388000501,1.9073620277570884,2.047063630030381,0.25717465273306894,0.783310163154876,-0.7412746872305824,1.4936645520381806
-1.4055790357755562,-0.28754878618742535,0.6587255702738243,-1.097564527552409,-0.8954137334896525,0.5389473461685875,0.4666052577127468,-0.07021644055709447,-0.2469774065310069,-0.49417505670301115
-0.42649051192850695,1.3155417131889244,0.9414635879480363,1.3237547801594096,0.40905508219940623,-0.056066805953969456,0.41623699207199816,-1.7642726617149511,-0.15379370945927598,-0.8874034299871267
-1.9577213416061066,0.685780510729895,0.3260980887046654,-0.7004778046673237,0.3936799507291246,1.0024202452130524,0.7054745724297292,-0.58756932283467,-0.9394817613617442,1.7563981755296751
-1.6280504707509413,0.5245987903992121,0.6355192307464883,2.458208093214437,-2.102649352839258,-1.2226542012436774,0.2024104454394039,-0.6697890809914815,0.5419727567885911,0.6001291299480397
-2.6136116178375755,-0.7933873973331622,-1.4072903449953926,-2.572188233472957,-1.4237718198636597,-0.4626743239002618,0.911700687192615,0.9163559401268572,1.845275713352608,0.6085734777907669
0.7955573679884641,-0.2378807482989853,-0.28473707022040884,0.9965276268693377,0.7574039040169328,1.228009785194104,-0.19514964070109572,-1.0649132621746926,-1.5757677023614474,-0.26628460738780313
-2.929209164035059,0.5694975231679122,1.18778665209767,-1.5968215513872577,-1.0990187663883637,2.14815623655286,1.4839951261418396,-1.0462230724292971,0.29648498249253724,-1.0965678861115284
0.10054404926153176,-1.510607143094575,0.7717626536999398,1.0621092986220932,-0.47850070751395507,-0.5391853000780763,-0.21974769896333987,-1.8942591469730665,-1.0754127537776867,-0.286936041550768
-3.5983012472914644,-1.5650542985305633,-0.10539876248543836,-3.376022825287918,0.3973092694055439,1.5619888652772476,1.9066188508687616,0.9168022876936311,-1.324143766377574,-0.6182700081584805
-0.011789895684086171,-3.0512344195440364,2.5026454482609495,0.15743777607601783,0.001461163374930859,0.5878991761912117,-0.23589345807465484,0.6178674232011621,-0.7467370453909127,-0.5904415692402699
5.260709208166082,1.5596648155345767,0.26279562704860104,2.529801099946705,1.773937837817906,0.13470685885552774,-1.981961811127468,-0.7524093604678582,0.26109004078263637,-0.5901441357971595
0.7234383208214189,-2.6310084589272065,-0.35253329749088946,1.763441165190825,-1.636928151318037,1.1476813025888362,-1.1237804726374245,-0.5453069194560528,0.02594518069413107,-1.350444735559115
-2.779104011587037,1.1436677648273832,1.1739005309128223,-2.7753934604865504,-0.6203842833585257,-0.17021082554822253,1.175149756327689,-1.5924878445104664,-0.7641210567924445,2.2880566095748374
-2.690825849888099,-0.18805627979348796,-0.027874648953384967,-1.4401590456287654,0.1276768958803518,-0.6376572666378705,0.6340373830266239,-0.3853050226030172,0.9557097113558058,-1.8973012921212937
2.244199681103555,1.2467809681121786,-0.7900029884403489,0.8899639703551911,0.9177547454070911,0.9443792486633674,-0.19611775388191155,-0.4814276010300442,-2.585717650928206,0.10914802638361283
-0.652029122766709,-0.2538835816967835,-0.016254436576520273,0.21603456756732542,0.7342065490431573,0.63882281187015,-0.3479467703394991,0.44181586717485,0.042278095316110396,0.683391130819619
3.469762669438416,-0.8701759713486135,0.5152652014357975,1.2591978394612156,-0.6791849866581359,0.047171201667216674,-1.6446806266307512,-1.030407147687136,1.9330836085648175,-0.18218778220822487
-1.5679373759654611,0.0196537436756992,-0.281433939805787,-1.5290240958175902,0.449440543425885,-0.09451529124386251,0.7073439341602219,-0.581784463635653,0.2569453164319092,-1.3073130327823157
-1.707819086400746,-1.1143725495033399,0.10263515817621749,-2.072764145648224,-2.2274200484681086,1.448760107632307,0.1941832581902911,0.08124500810189256,-1.0220509558850195,0.3784185044409028
-4.029460497456979,0.6078416879450569,-0.03623992267562417,-2.3531545268390817,-0.9989086962181394,-0.08043214042728923,0.9627780348695597,-0.451762578418375,-1.1918482300275957,-1.1350990282075084
1.9988693661520776,0.4572367066929856,-2.0558516608941453,3.3296416425564237,-0.6499924842493278,-0.8330046806270978,-1.033364400870287,0.6113231174148144,0.06426721176866135,1.876166368185609
-0.6922403918857242,0.8755391888451458,-0.8640454954383195,-1.5623092597743244,-0.17200396023903367,0.5562037107768366,0.34956509751438464,0.5387973398422338,0.8017021925169372,1.1877510765184274
0.06124937974988287,0.3464808006324303,-0.16557070097414145,0.588459862970624,0.5029687856295422,0.1461890219021935,-0.2870900364538529,1.072824896167334,-2.016676193588008,-0.12797809625927167
0.9373442183674483,-0.4548743493949417,1.4591390827830264,2.0774392534697865,-0.8604895901455376,0.7877372368885402,-0.8386745468630518,0.7693798570263132,0.9920871353399274,-0.26812376814446026
-2.3072389981446753,0.1980948832062204,0.0758873858255351,0.6880450376795824,0.5559966357592656,-1.338289234651224,0.8525456360272655,-0.9874229043622977,0.9144684756500614,0.6279819981877657
1.8488297126253772,0.39140807161694774,1.4701893904181182,-0.12963282593519976,-0.4367137184086006,-0.5616419724331875,-0.892492635325669,-0.14447943590416812,0.14706926104321233,-0.21715617314676922
0.10274349926143633,-3.17786023015374,0.693034391383011,-2.028260750113234,1.4443832028597812,0.6839368213497261,0.5535485740554816,0.4463318763454099,-1.5101636776494238,1.231651411223641
-1.1431999798156058,-0.9565751377651812,1.6170011233173232,0.8389762731792364,0.5795862799183815,1.4661911082150711,-0.4376464801869543,-1.675043700689412,-0.2805618891236317,0.4345007813655926
-0.9587346910892953,-0.03127492849438609,-0.9679687333124743,-0.400296363969503,0.735023551573639,0.059490411888567386,0.7373381786275653,0.20485953103412946,-0.7841133005458252,-2.5137481086967544
1.1028347776334946,1.0327236895393428,1.3924142553968368,-0.0027714893374128913,-0.8017191060913264,0.1266270453794622,-1.1999835675726054,0.48935345617355935,-2.041045453340903,-0.0973319585756966
-1.7787161753418714,-1.2156191189353391,-1.0014697110062225,-0.14529003298713894,0.15487532411473778,-1.9448652426840487,0.3084644861109003,-0.15081528116649603,-2.0106992898238696,1.484761408914978
3.2216215125361876,-0.31867814465977046,1.9880338757142617,-0.36208848870751464,1.2386867138973447,-0.4746658689236319,-1.2256279875738327,-1.3407760995527085,-0.5587741506749401,-0.08479981112875302
-4.110337754911251,1.4951287459587919,-1.6721886708490616,-1.4588818318459194,0.6523361203245585,0.255604310144209,2.7854353642892824,-0.19647000514241048,-2.085980719389302,-1.2223626153048577
-1.036585050261991,-0.13025112207420572,-1.6964269563744503,-2.411032928807864,0.13571419715777736,-0.21293109174784505,0.14836676685283162,1.0282026168461473,-0.507678253388686,0.4034190251228422
0.46504997037928786,-1.2028948030626794,0.46062502822408247,-0.4282090851425276,0.9834944398573763,-0.22031536557107917,0.6568708077146941,0.8927387929102922,0.7673650423832417,-0.22110060655074049
0.5911947696334643,0.19956511448522418,0.8229367361173847,-0.09793960929604892,2.3019673086306294,-0.5051342425107932,-0.17564360429181408,0.7033919677011848,-0.4236147951315663,-0.89229413679837
-3.042024377257344,0.3931661656333949,-0.42394496313321156,-1.0063485807998098,0.5423513616706929,0.4714131631848153,0.5889906080458812,-0.7089001287318668,-0.48078742930117646,-1.0776525525958798
0.7336199541758014,-0.9369155891515645,-0.29928932374680495,0.4965464403617802,-0.11181107844220965,-0.09533135458833317,-0.27346704884717304,-1.8859560503792268,0.7683571600700237,0.828201195736214
2.5995382510286777,-1.9793485680090435,-0.025578646530638068,0.5424202826255121,0.043861727679736874,1.7017165815750717,-0.7223273031350715,0.12821455632121845,-0.18108478739546785,1.1264621290579706
-3.2426891349816764,0.4453837440204305,-0.5789236993832868,-0.794619591410509,-0.5237253254337235,0.8578953175504346,1.3358692806806154,-0.044042454372124305,0.9301137002396793,-2.0170711274058335
-1.2500568121995324,-0.19533331184850497,0.8829296399070496,0.02613623681121746,-0.05708947359299686,-0.9246275931235801,1.0657242572841752,-2.296693453964522,-1.15412200597998,0.4166242752065484
0.2910528271274637,-0.20271648651648738,0.19516930163422216,0.3258609703443995,0.6651956831000047,-0.8736361266138549,-0.11835896374252729,-1.0145356891645543,-0.6261172439083138,1.2128725020350586
1.2117419617574752,0.21938850112323513,-0.21484429837826174,0.26369765499629727,1.3238750092698854,-0.6403477422073787,-0.36045363799384944,0.15041914545849205,-0.3673578248549452,-0.5768645453474752
0.13684318188452094,-1.0301598109614698,0.675059107400446,0.6187435031318904,-0.20306557358729094,-0.24201932134909432,-0.3331353660446302,0.33552742852629935,0.07846857601434316,-0.7098530587412176
1.2710267855310222,-0.9297440121722611,0.07998473483178535,-1.7151760099064137,-0.8707756655168771,-0.1374616117249338,0.3293311435851801,0.5439007496334681,-1.6270575551942976,-0.23305830048690918
1.3983876721042006,-2.55856575191143,0.7527539561661806,3.24391121148444,1.6782915326456014,0.6370434044266184,0.04606795861995817,0.19814358208829042,0.7218860616126678,-2.314608068247386
-5.302033607135636,1.6494968453021246,-1.2571933672534206,0.052673649241972154,0.5726380485389203,-0.579172391036338,2.4231272407340807,-0.493972719786592,-0.6748247340874234,-0.3170406956287011
1.6992417345655633,0.6117384361323274,0.2898511805574208,0.11744487504942358,0.14042590935775248,-1.1106067998873856,-0.002648639646983522,0.2150470673805185,-0.3813030951478075,0.4808210095187027
-2.1809184205116043,-1.0519439713476182,-0.3139850358101483,-1.8042250687806467,-0.8004672503965883,-0.6237604871678202,1.4782173247066848,0.2711601253678329,-0.5751996775035928,1.4535110138854055
-1.9084475843882172,-0.754946248498122,-0.47184063124650166,-3.888655169460237,-0.8270252720927453,-0.7771715973018716,0.9789829150104657,0.5997009512344724,-1.9590932398856784,-1.0629114711562428
-1.11311106853407,0.6231876651393872,-0.3117958388373488,0.672243295100333,1.4708090676927932,-0.7916239004203769,0.7905843385151201,0.29581846179871624,0.5337343262983809,-0.6527020012930506
-0.588279803858728,0.004707582464391433,-0.42335248578677087,-0.223261466707145,-1.0770709002174743,0.7783827621986604,0.3661396424381766,0.20484616455081026,1.7115124166859201,0.2229902976199184
0.22025361660133513,-0.8998911260322281,1.0891387696021175,-1.0938873925157202,1.5151499908380504,0.7709073956164862,0.6283754731937227,-0.2409868884017533,-0.11712353842666791,0.14700085699589688
1.1658808568513561,0.12924181347323127,0.1177507301906162,-1.0348679413518231,-0.08125370032311718,1.6418252974024556,-0.09419069036555504,-0.6169233530323088,-0.3484568128701009,-0.19856341044206158
1.5094674461608486,0.9796927595972579,-0.18738528483153355,1.3780399159682086,-0.8684144379381846,0.41821391875032743,-0.7274515874746458,1.1428776913701209,1.8869186579802997,-0.8194037817410535
-1.8818721980702278,0.3283749577068197,0.08209634292106116,-1.1416603845563786,0.3452771631521305,-0.562860924088511,0.8964605560542404,0.17494982440706003,-1.4227850950290573,-0.07345157543250401
-0.1018449993985786,0.4870741460495995,-0.05797020202026034,1.8920727499419765,0.3282311275016511,1.4732313213630865,-0.7564160996761922,2.0706095423046564,0.08826373078152416,0.34327381703659926
2.357247191895503,0.14484156410443783,-1.5745469906306078,0.10376234005769969,1.0008369569559044,-0.6936830843831906,-1.5711049226393061,1.5634358798582122,-0.96154515101424,1.3659127906244766
0.9972594778890798,-0.0856098984878417,0.6856612754141956,-0.1947910876005759,0.12387182651324145,-1.5614573611520124,-0.12376615712591746,1.844159878252713,1.5350229503554012,-1.2731928987963388
0.6473261087995521,0.7105398999688524,0.4925472273739288,1.714696895201238,0.548356364566151,2.6146932034586796,-0.7983761180090981,0.8128304450228259,0.692508735613412,0.4774644476634785
-0.23825073004069852,0.9309598827735321,-0.49046770409112117,-1.2855911967519575,-0.04458381788808866,0.13166162573363888,0.6298145162247744,0.9391260129301688,-0.30795153872896036,-1.0463090923005873
0.5839577256469777,0.87507401902762,-0.36330088868107124,-0.9113989520661996,1.4867511165229572,-0.3969416912344752,0.13834794977732093,1.131204304793767,-0.8311218540439861,0.581350054556063
1.1150301378054575,-0.7115653085141307,0.20231273598894667,1.1949850174803174,1.5468490010785008,-0.10950075884311145,-0.6120440941209674,-0.09146070476029346,-0.8359520504112595,0.4009092535354815
-2.1489763988934683,-0.36120904174507057,0.5107252232976667,-1.5411081362620787,1.8683916695768041,1.0694769808283355,1.0726660524897234,1.1760997112107523,0.7909732761354351,0.5599681396132238
-4.902658321553488,-2.109247434480837,-0.32702439501933817,-2.1277263521109164,-0.13309689713105702,-1.3183906206276845,2.0260990351786288,-1.3229037896684088,-1.0966471018419897,0.12413933648681068
-2.0391505997838224,-1.0937677500842404,0.4598153699827781,0.35425638084001054,-0.5227681606117129,0.09519660458199942,0.9502028233368611,0.8155028425363475,-0.04299233229823142,-0.8761451074060691
-3.6080532640472716,1.2045055048749422,-0.35255617058371397,-2.7832930295371545,-1.0330752700597783,0.27850875305292727,1.3254218821223374,0.35668026732209523,-1.5065911550054942,1.3988460419520996
0.5185325073319909,0.11108051486330835,-0.874598043895367,0.0879229803243412,-0.21679652684708028,-0.9268670696168158,0.06795252908285052,1.1647616482298007,-1.1500087136485357,-0.4390926968101103
-3.0523831196723696,1.9609980152065427,-0.19559587679642587,-2.7147044933201467,-1.2712115501445413,-0.9907358361774753,1.383776989433886,0.706786993443958,0.37546688480162266,-0.5933742216724466
2.039083800028109,0.3945983796827342,-0.11321553094840779,1.2439100146806181,-0.7070045449398484,1.0089819726501723,-1.5912887926800228,-0.4922738992176775,1.46824912974614,0.22814022499819706
0.6673531557610723,-0.8271292905082814,-1.2857848783566104,1.2513721505375726,0.7847012159107614,0.5919743546289489,0.2919569262312676,-0.2576308072121732,-1.1106293870900419,-0.8546861836207891
0.9036671946121398,0.22490418041943053,0.7466960516237471,-1.401981423740457,0.10251828500869332,-0.0007101394544385092,-0.4216904078493153,-0.42252079491319877,-0.18942705157879,-1.070233820561534
0.4104370701734711,-0.15302328741190033,-1.7764255711427108,-0.02014523453636985,-0.07439805040144325,-0.8326508178361508,0.35585200906641484,-0.8204097972446837,0.42057501497802197,-0.1600869490998309
0.7334826439962785,-0.2407295607955796,-0.41767953145460274,0.19355507508798592,-0.5297690487752856,0.9864757864530981,-0.5171990078985198,-0.35493132802478033,-0.571879165421242,-0.8079772772174523
-3.5650520788647424,0.08158307492513865,-0.09525196919221406,-3.539151206965354,-0.6126982163827092,0.5172841010820505,1.7560647295403726,1.5647755948379933,1.3253492237981193,-0.3975413260087181
0.7699947435371902,1.2381695470709195,0.8057584597087704,0.36266809151585055,0.2470372483934873,-0.2060906407164369,-0.41515773938695255,-0.21021711648528038,0.11868710680064376,0.9367530531199003
-1.7953585498693858,2.1837782845942058,-2.3279475614318605,-0.623329412786597,-1.568914515664907,0.8760731071918072,0.22432892217901623,1.6549128028585485,0.5271002723365134,0.9228671002504106
0.8068263802452044,0.19056414726855483,1.7631873681789705,-0.3089122841655517,1.3420134708235152,0.5966069096293581,0.3427961182078966,-0.788213703944262,1.132368875641909,-1.3808875420669178
3.0804680790302625,-0.4981669476957904,-1.2025716468880072,1.708121986149322,-0.7694949967640553,-1.963239916192371,-2.0667580090635185,0.48473817874011116,0.380970544736758,-1.0524857217102361
0.2694652321728678,0.04751241153779668,-1.046521024366754,-0.9087075227191626,0.8087813521611246,-0.5141572799870565,0.712341066823994,-0.45351789134208514,0.4157573934372395,-0.41158149281791284
0.11061614818846505,1.4483290874593402,-0.8262706459489527,-0.8306875521194443,2.876220127454741,0.33852311836398136,0.9886688196663842,0.5299994953926714,0.8417630210124768,1.3708217217180243
-0.46571152881666317,0.42822114308454773,-0.6413146074707659,1.6807570422249505,-0.24261273884705223,-0.9765776498218843,0.1497178269180446,-0.8677901251226828,1.8161117148985093,-0.07357324386142622
-1.0384153513241823,-0.1707534236712308,-2.161756241556306,0.3235776191671603,0.2659168238237639,0.4862908949194873,-0.901435809910319,0.8419298250721049,0.8607880781658627,0.3595160472067668
-2.1195548742482355,-2.3547772792713366,-0.10284550821980872,-0.32795748938482283,-1.4720728156072715,0.20318931525872308,0.45095391803643803,-0.5799248558523051,-1.2292338822258813,1.070964141584936
-2.9750368236705933,-0.46780646572571344,-0.4966739176043102,-0.9409033076023675,-0.9660771639623349,0.37011631550386487,0.43526019236198416,0.31308025031343917,-0.7479658016283498,0.7670817119958688
-1.1256289987038166,-0.1294017143056022,-0.19395502466531697,-1.8818301137279312,0.841186946985458,-0.5852374175094999,0.38322024423904266,-0.2836950416769107,0.12965138720856298,-0.7398556407049898
-0.15140039584390041,0.9000515438968305,1.7355791763165769,0.5835028059677327,-0.3765424025189745,-1.9442476514722014,-0.4182546744235653,0.8821032077114724,0.19990628221770237,-0.3500576365223613
-2.7068800818788574,-0.5156528213668591,-0.8454317520969331,0.40622575264581773,1.0579631844386392,2.1205892628251326,0.726045953433197,1.1700257205416775,1.1005359455057115,-1.2491593376208292
2.5595699035453836,0.5203995799586877,-1.3973220620758535,-0.9901961067787816,0.888575346063572,0.604333674466171,-0.7265677933703037,0.08988132116259179,-0.0035220174829966454,0.3413755644152026
-0.7222100975643828,1.1410499463020385,-0.2221855252325113,-1.1439066234896562,-1.6526430373135979,1.424808760449753,0.26921533638307693,-0.5829930402663278,0.35395504517413523,-0.9610968517784861
1.4004726756190022,-1.4447244401554542,-0.8971433086884019,-0.7121761374986137,-0.9422433862518449,-0.18267048897280372,-0.06976370806575821,0.05679224505068746,0.39638868968746915,-1.3281905627217854
-2.4481684805887878,-1.0176717621934714,-0.04092637405012872,-1.40151939286051,-0.235795054021251,-0.8975978116026242,0.3654045727713949,0.18346913114159802,-1.4401523939899048,-1.2491644038277026
-0.14942606722891488,-0.9902687038072164,0.733446355733257,0.3066352133882037,1.1359879500458467,0.12730185030840557,0.26514663991122667,0.9730023539338389,-0.616674382587705,0.5717039275441737
-5.06940688139137,1.5241503041045295,-1.07090329446976,-3.042730636616669,-0.28929888118099867,0.07917215117190175,3.089559123496469,-0.7666465866120581,-0.7976996004655686,-0.22607364954097858
1.0417954319915184,0.6362450003415306,2.61087309137682,0.5105708079938982,2.4008790495949377,0.7124469057999839,-0.6609429828877468,-1.0300690735739237,-0.21590637125758005,0.7190433853141417
-0.7559401803481229,0.1996183543614339,1.3776938191701202,-0.3199307357389686,0.5118148202167748,0.4696326353903978,0.21303497828026918,-0.039691912058779685,0.46848026037922086,0.4733849639789098
0.23547418419073649,-0.007711790872728803,0.2672721008454946,1.3899223946193173,-1.0824042953536945,-1.600624077284709,-0.37863446337168766,0.22701548950765685,-1.850117244051792,3.161738710628379
1.8956368675990485,1.1754896368677066,0.7154706645774199,1.3784469849117897,-0.4678419844851791,-1.5855763689909068,-1.2295219440073377,0.28043219161725613,0.25458695215266486,0.8394066001521799
4.532008012359748,1.2556589083339824,-0.2657722944544954,1.5557913398988228,1.5717025206989246,-1.14031741761296,-1.6116419896104957,0.32034810733751795,1.7455451015009578,2.204059843129486
2.459750620307309,-0.28092621286844766,0.07971459559245646,1.222671621474613,2.1260191313318213,-3.144124425528461,-0.8820431879155276,-0.27469354540949964,-1.6013973453261277,1.57219397904256
-0.859891037656423,-0.36691767814030907,-0.26691624978759754,0.1802116894650605,-0.2715713504786557,-1.8542007395138997,0.5810785800278273,-1.8449711304540553,0.6203359081478932,-0.3638735309219617
-1.4224781253626348,1.6537248391278971,-0.9766753315767756,1.171981196127829,0.28620383417507017,-0.2580561530561038,0.4524667515955918,0.09421752512061242,-0.5855772141423725,-0.4416331795580012
-2.1783909254547225,-0.08560969631690929,0.3720667009518452,-1.6091067431601638,-1.0073270668283207,-0.28254191877016543,1.2864270140486895,0.2149263573396589,-0.5344417361933552,-0.3634043804519748
1.3443403750562068,0.29335732203524445,1.5370862654173731,3.0628542634626816,-2.2193894675821917,0.0032042593447512042,-1.5940909577094704,-1.0079699129275186,-0.32448457082200316,-0.4072047293602105
-2.312937421301233,1.4872574755472514,-0.821856168259818,0.02658765461292234,-0.761979363433582,-0.8939659980780871,0.47222806891627594,0.2517299093174395,1.2306670444140024,-1.0963950873116706
0.3149209681163472,-0.6384799009627691,0.616693484480216,-0.39352008855948933,-1.8149275351041423,-0.7379666405117657,-0.020407829360478434,0.8293157133528684,-1.1491120720090473,0.6162508948491929
-0.9311989530493647,0.7087688325751726,-0.04831247944611258,1.0441034492880732,0.26027322531858366,0.9055055574935035,-0.2819642567003787,1.9906794274942632,0.9568964610918596,0.6991550256252825
1.1263121706161674,-0.08252771533736727,-2.635993897041716,2.6737939403829225,-1.9476984864441043,0.2457497730282499,-1.2585008014241517,-1.046121894276719,0.41712558177176395,0.8767074451277385
0.8340489503264669,-0.6873837332930753,0.7616950419719601,0.042900697153390385,0.09834207407757946,1.9457431763868218,-0.1000503414949409,-0.8845958594458284,0.17051304548546395,-1.0272860159948192
0.4056806548013089,-1.4113115783622618,0.3396166447441709,-0.4481951944333904,-0.497264265746125,0.8971526602326607,0.051981845882675466,0.7960825594456258,0.4343706122422222,1.340219291019916
0.26184639325123904,0.6213837065726598,0.7049545059471332,-0.2562733328795005,-0.28593074653626666,-0.9633486063379475,0.11604359459329741,0.5311175470564536,-0.4227801553787557,1.310452567186088
0.690208184097194,0.30851123558386445,-0.17760471464296182,-0.9110961514410223,0.18508935634311768,-1.1092272715058082,-0.18326785276715382,-0.311346164047627,0.641749342036883,1.675387347488151
-0.875750128782298,-0.3309393654203678,-0.6629453463218069,-2.85595200032535,0.629815246664835,2.8187800955155633,0.9391065956952096,0.717744872734076,-1.871189690671405,0.885238999435421
0.5316627949042729,-0.4852161346272343,-0.4812923793937405,-0.6358518742150854,1.9790858019065596,-0.04089871044286371,-0.2280619507896967,0.8896321506412772,-0.5905392542416569,1.0097024689932868
-4.990386657865614,-0.06021182145704982,0.28216275286444925,-0.8873036379874535,-1.2702934958835408,-1.6614881719287244,1.9287407456302712,0.23294143065979508,0.7564116337792401,0.8320722382910187
0.2653330747299588,-1.5596469230348755,-1.9799838187124204,0.14588506382568722,-0.2498660618131827,0.3207909219298415,-0.36969097081069974,2.0546012077894544,0.8211750467193077,-0.9995176205847199
-0.041232676160063514,-0.2914053312370268,0.07058750995345736,0.6617163477110402,0.013732876668141865,-0.3691375968957289,0.01835145160984634,-1.2666589089113331,1.6761928621381244,-0.945053246660619
-4.488663534889612,0.8040719242529474,0.031651815675726835,-3.485031361954719,-0.5187707423519126,-0.9928350597759272,1.7590628980646605,-1.6105740901200631,-0.993553365449685,-1.547847691800887
-3.0674036201596016,0.7358266984325078,-0.3168079456822851,1.0098567926513238,-0.34509576530235136,0.4582291297857741,0.27989000731567726,-1.3284700968666678,0.8560407218360523,1.0002131363014015
-1.0731260416322346,-0.2026395397824939,-0.8426608779761234,-3.03150332643556,0.010392931319328938,1.3542882884509946,0.9597357266437518,-0.18703515662553186,-0.16260904772045676,-0.887417954076572
-0.020703500870070668,0.29024665110017556,0.8092085828725629,1.7808800491360708,-1.3387491668986662,-0.5540781662632125,-0.14215865835481106,0.2511245969239904,-1.5328153390210293,-0.5064660124373472
3.6311034880645785,-0.8548176464668128,-0.61520365816293,1.1040323914183046,1.376864647975417,-0.6607156065367047,-1.2427014746650962,2.35038125770759,-0.0006447083190098042,0.6743582346411954
-3.2013728523608593,-0.32613218211232453,0.39507378560705525,0.4821195629509697,-2.8230845378488807,-0.2115387223148829,-0.07705167726974156,-1.341755471050313,0.9066868599021972,1.8783926817252612
-1.3120991928497032,-0.952251971449979,0.2817367254052715,0.05475193153192365,-1.2898159299360432,0.8236252231242776,-0.1520820434629359,1.4062485988807218,1.1411293877732591,0.12869327581754614
0.37739535393520396,1.1869632881779335,0.0702239354477267,0.047850250397035055,0.06086219354595443,-0.1129870731792825,-1.1641223284633597,-0.3263955180568147,1.046910157211171,0.5534073215842631
0.22329294655576015,-1.157173796318225,0.44859803379107566,-0.9484709105010226,1.9256028570160935,1.7674374006263993,0.8305905214609152,1.357824531175419,0.4011725811676269,0.7902992565152569
0.45832492327025287,0.01929999307320231,-1.0550012029686344,-0.4483748840371461,-1.1844883008609763,-0.1784335228796026,-0.5295172505467475,1.5638684472731088,-0.47461752679421326,0.29560144471042077
-1.9038518192420613,1.4500206751954996,-2.930961592929968,0.6346717951656166,-0.5071507083653735,-1.6155165121891895,0.8147944809628451,-1.3798563696773642,0.7174824001318348,-0.6436119657311042
-2.2098509269720608,0.6521225001806782,-0.1578824586399875,-1.6341186070022244,-1.39878153123942,-0.3567814150158443,1.270501413402518,-1.1196319855112522,0.6897429785916401,-0.12658730204280058
-1.132149028921982,-0.3442692040074126,0.2143528359371457,-0.7553332878529354,0.7044819147000609,-0.9304227767612653,0.3486216621047121,-2.5920207004044595,-1.0848544696293954,0.8845109355712356
-1.5957046463466176,1.2908894886450226,1.4813857437042184,-1.583026625862899,0.43898064844034584,0.20716028092735886,1.2966034966496531,-2.0049744668359364,-0.16136233606284128,-1.0984913851360985
-0.5761476098596705,-0.8021245227801554,-1.3083699955785624,0.7499683959028686,0.17926227509284315,-0.862925402800993,0.3816160095675159,0.36799116236754015,-0.2117281657257144,1.013296724009662
3.013988690514555,-1.3890877882412385,-0.2067595104193586,1.4565350589847044,0.8334506970485751,0.33023827130715844,-0.5593104191950319,-0.5553078753546129,0.2959671724205066,-1.609802046210602
2.0506084897824,0.25764227173234355,0.10068530609591199,1.4421574039934755,-0.7409230317593334,-0.6470069491671403,-1.3790205757606013,-0.6470635194066214,0.8104411932627238,-2.465392620473511
-1.115483388191844,1.12747288006473,-0.651130021190857,-1.3527764804328486,-1.0766835040156948,-0.720019887295369,-0.09516508406607188,-0.5075450306947602,0.6077716979433391,-0.7395230082421975
-0.8933908656143345,2.7849330648236776,-0.9925519051961288,0.8543498505124494,1.674389225264601,-1.5494004744713712,0.33813925850227333,-1.4981633768881941,-0.998618394252995,0.16290990162910704
0.8052489743625462,-0.09139458845490839,-0.7480942545010797,-1.4526032633458967,-1.037065123382385,-0.045407592350393884,-0.5503708062491153,-1.9433979775573862,0.4955858258863918,1.1729922159159825
2.357315630054182,-0.029072415597844188,-0.6375161237418556,2.4932997392318366,0.9711728510583133,0.3791217028088055,-0.8358020692468735,0.6217288811359541,-1.127203753381901,-0.3759052507784458
-0.24993623492324235,1.0305739518448567,-0.20594235718689388,0.8766998701376625,-0.7964630524518661,-0.5520976420838728,0.06874288780699116,-0.0965135633590357,0.7062986701741606,1.7823389842262953
-1.2140366441715615,1.0248823600294616,-0.6400295199207837,-1.3966260937171886,-1.6057725528398656,0.8194207893976939,-0.186162355497398,1.301902308461813,-0.935675919217344,-0.6029318813931589
-0.4526326332307611,1.5831990795699478,-0.5563618463802235,0.03882497685265369,1.4686559612484757,1.2951996911973471,-0.07611178328735696,-1.042048218727407,-0.006693894612765662,0.9887458757286581
-0.03121873120923735,1.029160942363983,0.8020666482144931,1.5804163811905803,-2.1430890901027624,-0.1265156123967801,-1.1636187429356053,-1.310745190343757,0.37974229771673057,0.17506302913833333
-0.2619844816942438,1.8343707952373194,1.3076212966655,-1.084690513592259,1.0234095619289183,-0.7484506142533774,0.7950333036081095,0.8846819437078313,1.2442770739231546,-0.43901066717852355
1.3944881429563944,-0.49100746607642554,-0.6577654337018144,-0.2986397642837137,-0.3357356944795664,0.7692296310467637,-0.15055093576487272,-0.20135474015609356,-0.3937122908559836,-0.243201808792706
0.7911229898276441,-0.8094692539406688,-0.7504226271443375,-1.3145485391196665,0.7121647969430633,0.3184675095919655,0.5497318276437586,0.522551452355888,0.09557617548395281,-0.513805536923784
-0.6112783539298523,-0.24624784206154995,1.6792156770519897,-1.699170443886008,0.22873223965300632,-1.6246460913986582,0.4590717259851522,0.3792328903215895,0.4133943794868224,1.1304967957860663
0.15747228215963116,-0.45175294740652255,-1.5702283848956387,-0.9282790097263899,0.9701711136220972,0.7501748266033811,0.1134010209001812,0.41274295592235827,-0.7189782426019106,-0.7718362318338781
1.2617136568861902,-0.6581126735719226,0.48457415120305253,-0.8531187783080008,0.7642553266586609,0.8589797420662856,0.7366257632297181,-0.4625112441197074,-2.157157792873915,0.6112454373376013
-3.7376743986751726,0.3922879162323054,-0.3037212222483344,-1.309380817777404,0.9907496717832746,1.3412954499315894,1.224755001315038,-0.7619926838148111,0.22458067491569786,-0.6754654281331591
-0.5317340153208141,-1.396461775342724,-1.5488422846677687,-0.6407614832896652,0.20400800528509644,1.2075783305652432,-0.19069502279222633,-0.03508793698149208,1.6061275750265605,-1.2364575615888893
2.7016550373092807,0.3368951721806778,-0.6860482417114546,1.910485566075243,0.1634897482877339,1.3064834487826058,-1.7103277782502002,0.1533493181688616,0.23339882506727602,0.5076000233928141
0.6384634307775949,0.6266755140778999,-0.1541236214440904,1.710702759098298,-0.23491868167461105,-0.7533141051701409,-0.5279723347403186,-0.8523466163007206,0.8344757674339088,1.147654668043243
4.968934474394811,0.5469885039154574,-2.059256171151103,3.9627728284002766,0.9870648544202236,1.3275633526252757,-2.260035697833775,-0.6712069983049567,2.3981182477766105,0.32866035355747164
-0.6393132288209202,-0.3078414200128968,-0.041065274961609236,1.5762357611102915,0.44025854106632417,0.4755400918370306,-0.12668881592577302,-0.17404225464187084,-0.7917204358202692,1.356763189892529
0.5567400088828369,0.07341222633412296,-0.4104976988809536,0.033527157618861006,-0.09624098587005456,0.345769401208685,0.03680381939503719,1.401257757459339,-1.3849954264333906,-0.21892570328554642
-3.9331306819098897,-0.27666323932898046,-0.3918164546358284,-1.7550196948729222,1.0391123281919414,-0.38082386804990753,2.7131516354533,-0.3052055761141234,1.2043708663353998,-0.6111721392476985
-0.20351057511159054,0.13952190513585455,-0.7626901872485106,0.37334438130967534,-0.7188848077518405,0.3569963802827491,-0.5780884264421513,0.7007779330998103,-1.4563240106399105,-1.7906253925801592
2.37287830864923,-0.05091297346480955,-0.7082127763424293,0.5677975527388314,2.1572211472808416,1.7356817542890521,0.042317841081325365,-0.8974092464085996,1.1849544578899078,0.3394611228452903
0.017091274681246826,0.7400910335469101,0.9745186855336132,0.3758925864974201,1.331404267275555,-0.4371690377386195,-0.7459099475571914,-1.8245705405555002,-0.13170260757853375,0.6170360761345455
5.070464386970519,-0.32336157489412043,0.7579061691596528,0.5742935421931985,1.8371059677580253,-0.26109312820630787,-1.155017573449077,-0.7848993036713462,0.1936689502246364,-0.0509979426310662
0.06596615542225459,2.400998060514719,-1.0326041903872445,-0.4944890073874333,0.2876680935109216,-1.1660118523823115,0.21435282157982502,1.8322329843786724,0.8128490721256333,0.16029214919525206
3.226167870765422,2.812745347218556,-0.41387756110867485,-0.8253124369318143,1.513936701987693,-0.04976253540338812,-0.8657474459969449,-1.1088171787970749,-0.867396560727944,0.8868438723214134
0.8169225014071152,0.6191252595791172,-1.3657801895743351,1.669701438773779,2.062886438557964,0.08435197181208165,-0.2523636836805207,0.6531639889892679,0.08156784382235485,0.39751770443093476
0.9547199153894853,-2.328702085706529,1.1824876509530062,1.676817699223606,1.347262249561324,0.0520094646294894,-0.2352341897461088,-2.2855272824580197,1.5311082331459214,-0.765203557418001
5.559735500924803,1.1030053232581447,-1.7170745729092753,3.8703704923319164,0.6881662693789855,-0.5307399025806726,-2.8092433827607572,0.2192434341551974,-1.116469175394741,0.9257935566866987
-1.424777121956844,1.4051773077378207,1.130496820274454,0.3606005109447093,-1.0560739238095829,1.0027498165522997,-0.5602148039433174,-0.5684423332228813,1.251157166818861,-1.101395137591812
0.03074006369904847,-1.7122551148179266,0.5968961332368194,-1.574216147645458,-0.03198044280945961,-1.0467439864055679,0.27821410775140476,-0.23191870460201958,0.6604272022305334,-1.1483873799321938
-0.029735486292136515,0.36427979825806156,0.46341570561971324,0.6884610275737534,0.4430085540440694,0.5483828084447717,0.08113629861370408,-0.24896735163781578,-1.2459641021336898,-1.0218578547867727
0.8399462359463801,-1.4142368417741762,-1.307793297381912,-1.624219695606928,-1.3975525111454086,0.5808521629912066,-0.01025759790101673,-0.09588861706472071,0.9816287066951528,1.3682869815528005
2.2299630909906116,0.95331219785104,-0.7063795105856823,1.4187630780514269,0.7575001779272733,1.6675242522829794,-0.5805691862289605,0.908469519786612,0.06286262061601933,-0.5272098747348815
-0.8101631660519605,-0.431211053312753,-1.204867306230682,0.1735433148423538,-0.25258375730600213,1.5638700716413065,-0.5193483204943635,-0.5075914066119391,-0.9896845214722488,-0.24417887489183493
-1.1265154291067188,-0.03607716240279841,-0.02220907930181681,-2.249268023760137,-1.4264079092655029,-0.17525937805970065,1.0768371364985223,-1.820570691563007,-0.030868994999628068,-1.3853969720803554
3.3491891965947813,-2.021804377666993,1.4254967391007822,3.1971131853975767,0.6248947579644887,-1.8811376515347937,-0.9281585533816417,-1.644866601670924,-0.5473426974280223,0.9032802158887587
1.1898657521112745,0.8454991569914443,0.6960037856349934,0.7998967036242813,-0.4419490259491896,0.508802196675877,-0.21983023618187075,0.416187990455692,1.2266085329544336,-0.024821211273539243
1.5728626905688818,-1.2116771262180202,0.38541570506357736,1.252078408801058,-0.12678305467451773,-0.796980792893646,-0.6481002898259189,0.0709409876821855,0.26442175109404525,2.045689593396717
-1.3379337438395866,0.009478491873971758,0.18193760556797664,0.9025456264578496,-0.2654977184990168,0.14832303367723426,0.040529628870226174,0.13892822873874144,-1.6340741288256193,0.8092534175244385
-1.2786003794428105,0.8603850117851801,1.5449274717940515,-2.262783031485095,1.1703222152599193,0.060740659895015,1.0472777419283177,-0.3614457917552745,-0.4258230747786919,-0.3074600701230517
2.0195957650321748,-0.15779555804045942,1.6506756068044603,0.22133580067969927,0.032321113358808516,-3.1756864564966483,-1.2374349445223043,0.8351454353893931,0.10898863650775427,0.7270772667373265
1.22560058555387,-0.6237734255309313,0.8979567200746529,2.1806255494934286,-1.6369201246296692,-0.15537468825410608,-0.8419706086422215,0.2923408939164085,-1.4772245185860098,-0.7696121694062623
-2.2477908404462004,0.29725238712531493,0.9425059295934236,-0.8744428870426341,-0.4483788796411045,0.8032024255682676,0.9061705999502497,-1.260124612498741,0.6335317659598151,1.1333622268315167
-2.5344411777486693,0.33684093219409433,0.8797622081812543,-0.23390505566259967,2.1438321759795347,-0.25280452497295863,1.5602594076276515,-0.7091503146445832,0.017135175976226935,0.8776561472717611
-6.355209647287665,-1.812276995150017,-0.6535703604394472,-2.983510019582888,0.07861680572469514,-0.368491856662963,2.656430182655533,0.27138398701589184,0.5326097648396007,-0.07584858470849203
2.405270131739556,-0.7392476036190918,0.14823997415735718,2.743962871741794,-0.17968634375305434,0.12762795744269564,-0.7048234890478755,-0.29653230612316006,-0.3241378560725358,0.5186876230410125
-3.7347359465641183,1.4910188831131392,0.21457503788435986,-0.8051412702533399,-0.49681802720359836,0.5974291453317941,1.47574593435726,-0.5576480764082351,1.4865466392755808,-0.9939068313530801
1.5746476243018368,-0.25109913543670187,0.15992601366192505,0.7146223812456387,0.12170089088842485,0.7916015302023638,-0.7705340263595674,0.11322227901514724,-0.1854051008776456,-1.2622368213009785
0.6378177791739289,-1.5181390380900828,0.16022934995706278,1.535044471640389,-2.454251029639975,-0.29159064907224325,-0.3505896727722141,-2.3420716333391396,0.004571992533788244,1.33862493433627
3.9197867564315287,0.24976833420616276,0.6917982843385885,3.0714992753414307,0.3510563977862339,0.6875459522762682,-1.8735068317816606,-0.16466560081580467,0.6645159680986019,1.2872475111789705
2.3538974150330736,0.6193123641973535,-0.5338542383316804,1.2387037067146909,0.3953764338996732,-0.3597908795684158,-0.616886953584734,-0.6572720028831269,-0.18737193667824603,-0.6684274343298255
-0.3602659687572939,1.8512701162063567,-0.9521892381517906,0.01207401537184949,0.2303250913917754,-0.1816124550237563,-0.46180625330396907,-0.02871036032951934,1.628816083803603,0.35159646247405113
-0.8026101137977466,-0.5934513331462449,1.1804682679252771,0.6705452883037479,-2.354322232960423,0.5137285362765932,-0.4166301679796759,0.5922228363954569,-1.286016699529436,1.5503136329650142
-1.015399930468889,-0.21322789751838217,1.1859581822679235,1.2635065310418567,-1.044558356147375,-0.5717389678191162,1.0826884969848591,0.8162841733161842,0.753641064413388,0.6505599350789535
2.550342961722797,0.06728669743875576,1.1961769415019803,0.37025913914207115,0.3142737582190384,-0.7801073804292337,-0.6319859294950906,-0.590266102373724,0.39131598163844056,-0.04701080941835377
-1.0311249774201472,0.0831198873232965,1.3529086824230359,-0.3255795626851775,0.6541499304156236,-0.9360184309818027,0.9486932585132347,1.276419566998134,-0.36846475155596226,-1.5019588416009206
1.2588884917616991,0.821334607195599,1.1519605407368545,-1.3075816531313234,0.3285836142976225,2.067447073807415,-0.19680033250962625,-1.3462467180183546,-0.25281059885164436,1.7044062882837794
-0.9162363366543582,-0.17492683958487812,1.4308814601895807,0.4313998382370188,0.21817221362798325,0.7800686087003174,-0.1858188872285743,-1.0370586665626915,0.7101118085026529,-0.2034636133118338
-2.512192241787117,1.3757459313943805,0.3993437618083852,0.13472542893463668,-1.511253598972239,1.3451845940307656,0.5854360041912796,-0.5952094043131164,0.01372856388909477,0.9698320937372837
4.387957484884571,0.15368534903361697,-0.4388058058450887,2.5130425311883475,0.15803046742951854,-1.0514624923965512,-2.124055285571003,1.1205945143050149,-0.3226882199208795,1.1029305405252097
0.061308907172724525,1.2840071481512896,-0.787260995356274,-0.20967246371745005,-0.23514571650653793,-1.1906796290299109,-0.15289306594084348,0.2526462126410179,0.4223332548957616,-0.48325516357118725
0.8958751606581823,-0.9400581517332299,-0.7472841148392579,0.5736568518588213,-1.0066388595049673,0.15337581817045728,-0.22263255603722165,0.9538880362036525,-0.13175300991678718,0.9315280632585635
3.277951918123969,-1.6887761257047231,1.2172568734869302,-0.751050250931016,0.02042845084623046,1.4217697507590468,-0.8929367001182141,0.52636539983896,0.5932057969308504,-0.4891498399456806
2.0243391498366003,2.181568937660727,1.6252573967687343,-0.17718398478224612,1.6349809460105797,0.23455699949927303,-0.36043219606455834,0.06183388009047152,1.1349510646252559,0.9389983478957361
-0.10477653070114296,0.8003859580180309,1.3877040489819323,0.08191664512503138,0.09706478017346076,-1.007810755648258,0.23648175104404015,-1.4814486479258342,-2.290823874232244,-1.5284008047471673
-3.6636163363288423,0.7701389257395795,-0.3597106338770584,-0.6305955069060223,-0.31517545040242756,0.3757324069307316,0.7186830769352093,0.40299312323562547,0.8805722582708398,1.0888741651242082
0.08860665127110301,-2.2054067265914585,-1.8531512485732,0.033213152529484535,-0.8394607786256115,-0.822246313038082,-0.189637590862415,1.911119527867223,0.2237301830542033,-1.543929759283828
-0.8841668485036568,0.35947458593429876,1.0675900035498969,0.28495072573426355,1.4352078403720905,0.5830859517583937,0.2092632445756384,-0.5759701000499831,-0.8069516318241367,-0.23493561410466715
1.8794586494938283,-0.7541335810923234,0.7209326196348753,-0.3824037709710164,-0.22539954019593947,0.03848135907558585,-1.0585102253641654,-0.775966205288336,-0.39396619628841195,0.21265457148495984
2.979258693587284,-1.1090046331802506,-1.2182335104517217,0.38716536913403576,0.8012688036679739,-0.9648259609620383,-1.230320120853841,0.025052566277426035,-0.8844055448754942,1.502544900742593
1.366225772501858,-0.8029336719383623,1.569616677250448,-0.7043742892528526,1.705274568249886,-0.9785984372052676,0.1298737891131762,-0.10929621046454806,-0.05882420956242545,1.14213554943425
-1.0274327621123496,0.8741334944495316,-0.06209508877833464,1.0608246564734907,-0.023245982765846104,0.6565453157040912,0.34213413778212115,0.9640178917090159,0.10039431850013704,0.383875024633308
1.3197541843429392,0.13505662827888787,0.0017985835409833097,0.11115886132486341,0.3115618426794415,-0.04391738158956726,-0.22522076882862135,0.5212752712018001,1.2162037677725963,0.6739687109480227
2.697153695894224,1.8147487712073809,-2.3333959655328984,3.0067279483869815,-0.2472657158380055,-0.6397853081187529,-1.9102525229999745,1.219733957461766,-0.47701723587136907,-0.531230044908848
-2.245936392484003,1.4843656884022454,0.4565907637642758,-0.63371127434276,0.6283738891265287,0.8416610368375195,1.3225907699252046,0.10767886851341796,-0.3500482163924269,0.4589893164340692
-3.5345711207653254,0.4574088520186907,-0.8897400773626761,-0.9965329901473926,-1.9076558753906825,-0.6912839950136946,0.5914142348949835,-0.3939416873776315,1.4866873201546509,-0.4164632564790936
-1.0110805156193865,-1.4813357526726854,-0.11734316221008059,-0.0965177202732938,-1.3651891991322558,-0.6156637677612732,0.4687421839479685,1.1607368375429492,0.538034879007486,-1.0745423199212158
0.8959142283991627,-0.41880901639889306,-0.7549427194939277,-0.929521911872826,0.6804147923818633,1.32163244203648,-0.2415668629205597,0.17957487936228578,1.315322904514956,2.7807395782734723
2.0309286532298034,-0.9023158470016271,0.92376258893084,1.8382502808950658,0.15247402660199658,-0.30164126925031304,-1.958845914541275,-0.2794419761909887,-0.5293504726879728,1.2130076824217786
-1.4646425868525674,-1.4702994105107845,0.42544934992806843,-2.513208440486782,0.6150403669105415,0.35506902137564045,1.1930881430548215,-0.7637470885184111,-0.348866457617126,-0.1550756101687635
-1.5582303211279531,1.3307228729452654,-0.7621621158474723,-1.9518431709771982,0.4931762207792646,-1.0546476484265845,1.0581077972533015,0.25204902358844555,0.13504129309625687,0.8560909938888832
0.94280204472241,0.7295322671344727,-0.3821031824607738,-0.06909542359001575,0.08630656331458429,2.162642642313316,-0.5604365409974845,-0.23335343461870653,0.5645881006736351,-0.2566993776091507
1.0592352476498808,-2.727422133847294,0.10243113249959132,1.361385932077854,-0.10590415231447316,-0.409552081200316,-0.27472943379311204,0.04442112928747135,1.6590035564280972,0.5760566351198408
2.730284277686118,-1.3474127125187205,1.049767369357787,2.080820165809214,-0.11856734391619628,1.440059146281575,-1.6122168414469336,1.1692325413203621,0.5085842579116403,1.227291630688264
1.9095235097413115,-0.10813887869586736,-2.108449607906141,2.916871843988284,0.04371407564187344,-0.5349312611908428,-1.130510676990418,0.3222661690624432,-1.005431732737214,0.019078609814081857
-1.171956418160002,-1.3116130533348078,1.3126606815549686,-0.054121669309589726,-1.6369908880470625,1.1665758709693494,-0.2044708276514042,0.683020297041939,-0.37650802386183935,-1.3004922853324161
2.1398124172878212,-0.27386564457108986,-1.4306697708169445,-0.040543024914173165,-0.9120689458865092,-0.939869242588066,-0.7856026139818405,1.4254164360256794,0.45629039609980054,-1.0928289606427335
2.0547340792133393,0.19453561572624697,2.120012095592739,1.0078809864559766,-0.30897636402346035,0.08956201957644899,-0.7666244356986843,0.297388152009278,0.6526970173741496,-0.4842637940463699
-0.5164623981704668,1.8197374612124677,-0.5420999656654047,-2.3418783355065305,-0.6447833888770189,0.5195232581005632,1.1630418593576046,1.1219068498760005,-1.334928374348467,1.4768532394675866
1.5759451567676226,1.7019793420121123,-1.2612621023659765,2.1020666028281543,-0.6840727361768987,0.41268088481193743,-0.9683961338612197,-1.459416991879035,-1.0661398488885572,-0.48325346600695385
1.372356410102542,1.1108763276290428,0.46197882656629274,-0.8920203660854346,-0.018712273773336525,2.239029402618335,-0.21358269731440394,0.10946097209895489,1.2263175941361089,-0.8199878916722173
-1.15146565584372,-1.2532324852357672,-1.2665816339566442,-0.7277593899507632,0.5874839323135186,-1.2798253433868578,0.2902548981982415,1.7941173286481855,0.17815729177962644,0.5277801077813433
-0.941537099544083,0.9927808673847084,-1.043917275838579,-3.6279658217975586,0.7155674570904784,-0.05424918109544718,1.3438293707400566,-1.6768857525373428,-0.43957502371722534,0.10264832115869836
4.417229722160792,-0.8338797510584917,-0.035022817302496165,2.2226377166230598,0.5695826861530568,0.9038707331484417,-2.5824471289628432,1.4482697646368943,-0.4815278787660991,0.5320540781422859
4.669003887912364,-1.6435033520009579,0.6544919927789431,2.374778831112002,0.8477574332106546,1.5966566629506325,-1.5283927382875482,0.9118576942067954,0.3056306081272073,-1.4185933324850828
1.1296737151088938,0.8293499513361469,0.24056432634710906,0.4320620910890085,-0.460215639474296,-1.843417046261921,-0.7705013245187118,0.6746043354627528,1.7109461080407746,-0.6147384578141171
3.2405572415899027,0.28248860938629994,0.4170978583142855,0.6802246337247082,0.7956680665098217,0.5036368793564867,-0.9111435665841536,1.3856996675116233,-1.1285463364099644,1.5800955481346513
-0.43303230254432723,0.7464325814533972,-0.6735637615143014,-0.9034039194206571,1.318850963086917,-1.2601712286835522,0.2583948362997544,0.14742108041269408,-0.8718325892178591,-0.22006950314482238
-0.03359365735642933,-0.11747457449130692,-0.4446603844529217,-0.8550500828188502,-0.2999027988906923,-1.9902195166573788,0.021871664603144554,-1.199718500924003,-0.589099077357319,1.0170269513345471
1.0474976560015594,-1.4450178571762304,0.16664103101277356,-0.23013661878873054,1.070709426065544,1.2671130226258742,-0.2653301025171084,0.1561643135742845,-1.346637950409169,-0.12988222829178853
4.598094609209236,1.9505689467025675,7.182708301725519e-06,0.8028531554709863,-0.6889607073492773,0.8833866596852187,-2.0419660080353257,-0.7312659235618799,-0.8990972736040348,2.0893877236863547
0.44090274139883123,-1.7393249675956646,0.5508810416207566,-0.24089474204255262,0.5376182311127747,0.9490243125204161,0.09423418796420319,-1.4957303085802394,0.08702396295932414,0.7215088617153866
-2.833140949731177,1.109152960995002,0.2029884148135538,-0.9719083893535017,-1.5373082854424072,-1.5471251269967128,1.0364652970332264,-0.7113022926351025,1.2203518155062967,0.8559114960405076
3.315106572768147,1.2660871118980683,-1.279815498909824,2.162006478532871,-0.31932950532689275,-0.2627648113793714,-1.7207511179344908,-0.5727557036717731,-0.2969507765911483,-0.8386768832698909
-1.540386190948637,1.3052464010933198,0.7242832774528117,-3.531568250439882,-0.9753960621446548,-2.3032409926590103,1.1551983262275465,0.07395931952042056,-0.9634233743603932,-0.2296469126424076
-2.992829216813564,-0.36467574857892643,0.6299745741325121,-2.965293267895727,0.20822872804050932,0.1486574762914829,2.0196016408005706,1.1896139000430932,0.7798394584054392,-0.5090212383150694
4.997298110635897,1.2066136807850447,-0.28917490746008545,2.3490388949412,0.3424707365039691,-0.78994618621546,-2.6564564449264605,0.44663376822837453,0.3379062556913165,-0.5457762709942007
0.21824479106209463,0.7056986404163276,0.2139169931924988,2.229051559694086,1.97824102253678,-0.9854805258713516,0.4962501728961844,0.4907442087184229,0.8318550018066037,0.643472603382007
-0.3496863050109629,-0.0836210864268434,0.6550555605704818,1.0764161495286457,-0.5729254829095382,-0.49401864835824516,0.3491464695641201,-0.38142833210245414,-0.07721660164027216,0.6456053433632855
1.465711694278802,-1.1884922690302817,-0.2636566128491073,0.4208165396501933,0.4459921421870764,-1.8621735195433882,-0.6065774677557082,-1.6618745935093588,0.2355038249087013,0.574726949523946
-3.807234998944743,0.8764111867538988,-0.4434223351303659,-0.7762498251745362,1.7717282076726033,-0.23297501968078677,1.979987825770005,2.1444450113841276,0.4488925585273138,-0.0020468065715552124
2.7598272861941946,0.5613882678868899,0.427655886383301,1.5630434554287445,0.9746916663735541,-1.181705521768491,-0.4386891182486046,1.3698005398152624,-0.6263475191929843,0.5719884661712457
-0.9474841755377392,0.07870953124851343,-1.1472816274164763,0.38878755063818915,1.4167108085591276,-0.687751924620334,0.5460651995006223,1.250322781610879,-0.5052757658132876,0.7049741904402584
1.70545715784297,-0.33431106337270294,-0.2009902293475373,1.4775427806043582,-0.6750665365616436,-1.4370235262921205,-1.3286765970408791,1.545739262184256,2.0895873113890158,1.0011989522270495
1.808794707251428,-0.5673072495008085,-1.1743259073729495,1.3318480523708098,0.30904846039945455,0.33179999787603826,-0.9332367380673914,0.3261514973388984,-0.5634146898730626,-0.383029532180793
-2.35272304670579,0.1072354892034356,-1.5086037021929302,-0.4603306112091008,-0.057184412663534724,-0.2652555637988385,1.5717249860085232,1.1088621538338421,-1.2532690452096522,0.1969308604226141
2.341122105435009,-0.1689529290916837,0.29071367619192173,-0.443360596412518,1.6277551956307186,1.9077556066634196,-0.4696889103325192,-0.5196504400567091,2.0153366885766384,0.35271336318274354
4.469646336285274,0.592369355465499,-0.7481949640046142,3.493618008982261,-0.5841144100149559,-1.6082685460989992,-2.030103587292007,-1.4191809922633367,-1.076518701299639,1.3142388550582902
-2.876387685824681,-0.3821150677542448,-0.8759338619639517,-2.250119844309883,-0.9646338874581393,-1.4876764701058451,1.5500607082670066,1.2435394981885282,-1.1711465573612603,1.3712242018346312
-1.4251556454202796,-0.2651138143070903,0.14982938450977928,-0.0869027265005286,0.3979263578539078,-1.4552559582240945,0.3000370459893841,-0.07599411869504333,-0.3173605791958236,-0.4355794105183572
1.6889654518090398,-1.2738489969949447,0.9205236947535831,0.5827400342601904,0.10339009871751056,-0.29445590867280896,-0.9727010479858464,-1.3281979888522246,1.9915542549192025,-0.5354671627463086
-1.8163587948074513,0.8382643985054135,-0.2717745527032549,-1.1702909125380412,-0.03801068922634207,-0.08153896906898231,1.142998600287775,-1.8156441001533894,-0.6631338314882096,-0.5926018232798766
2.2719175004969285,-1.7576746988444338,-0.34474216775312666,-0.12701165588520436,2.2137711419776966,0.49984091806370345,-0.9035082740977806,-0.4060579835922086,-0.00562031894850004,-0.4761849808858584
0.6170175816622848,0.12496089278836789,-0.17152693624008672,3.27710307713445,-1.0293917438520053,-1.7701519934250893,-1.0585621411750257,1.1520725794817501,0.14521670927252084,-0.7537368520342597
-0.28236351794869935,-0.5812111812106597,0.5904972827951974,-0.147687373224627,-0.38612097124120737,0.9486446045815219,0.18551668911816155,-1.3415453842631382,1.9079867085019515,-0.03828972451575837
3.2098869115177635,0.22245617652301763,-0.42845526512606275,2.9526262545126993,0.5393125049081845,0.919400019681716,-1.1817392334101768,0.06397482976340343,0.20734989138484775,0.8873725244176099
0.7519408601225558,0.3102487923586816,-2.1363002458734015,2.861913552282274,-0.4157890000301767,-0.04423578476793475,-0.4992804605845853,-0.3961729177557746,1.420835949703681,-0.6135806370450656
0.022608699704228963,0.6684706713637044,-1.6315204822421296,1.4303681302788134,-0.7184755736031643,0.4589350938643593,0.08185714768781897,1.3487904068987902,-0.5745001224583929,0.3154573269992279
-0.3715659682933947,-0.727679884705827,-1.0677726221961616,-0.4354052001590468,-1.2760181895488685,-0.5199147817464127,0.42370926926482316,-0.6464482429828227,-0.37070397484440615,-1.968232001126947
-4.1933860927524504,-1.469138166216912,0.9365601563912468,-3.604936147755789,-0.034735133274335306,-1.6643443851775246,2.4399622370963168,0.5726004280294203,0.6175687331740006,0.10984176180159155
2.210589114339292,1.4894194263733216,-0.34123785934433915,0.253408074086482,0.7614473801133711,-0.25927082905473103,-0.6408600684327104,-0.5120888888495543,0.01614635975622285,0.7144100112183429
-3.3289878319362063,-0.2965251830566929,-0.11030352520650953,-0.6659604076191497,1.1896557273076342,-1.0929139151415415,1.7001230172322592,0.46895213378527734,0.3775674923307532,0.8422394371581939
2.3674952420300026,0.5137754901113629,0.1791116002157943,2.2882287035544318,0.33325779540565725,0.797111307428538,-1.2001986193760876,-1.2913308147826765,-1.2173390776685376,-1.1167799431274559
-2.847985249433348,-1.980547249127442,0.3689112126026487,-1.67924036665437,0.10833686309497106,-0.4476609471644323,0.9010317507671489,0.21666603216575767,-1.6395299965103851,-0.6876106623865178
-1.074882996152238,-2.6226433285900654,-0.5576748142733905,0.12781412205021583,-1.1473390676193693,-0.9136081242781836,0.04939301837345412,-1.3863846776068673,0.5592322311383837,0.2187061149217424
0.32214362099207866,0.519772120775475,0.06332783575516095,0.3940748134381961,0.09822231381295855,1.0290483272370083,-0.25631581488990646,-1.5285304492168468,0.6403560893877851,-0.22689953420638884
1.6479725860523995,0.009333340933093395,-1.6272067122196587,2.284629040310207,-0.9210795743736193,-0.9251798972223109,-0.6220325541858897,-0.14567509695777783,0.9677086654555301,0.14958083618507076
5.315064537738538,-2.8936199181538758,0.7639709305358554,2.505428640062847,1.0962845761170112,-0.37137171050550366,-1.712510173027187,-1.407659952669613,2.3517693164104876,1.4616115677960546
0.849710174872209,-1.1295206422133799,-1.2688804857354765,-1.6556701259327358,2.244896713684229,0.2506205265662872,0.15626840113923562,0.4218561347606531,0.20888412575959014,0.9863248021829676
0.6809187961760612,-1.6508672102814799,-0.19711883238743816,1.9810618379777956,1.0044994421900462,-0.7645081129137737,-0.2451312739740194,1.1606071500382684,0.35757323579239275,-1.732558941010965
0.26432143562748134,-1.396558769966566,0.08084536645144692,-1.076243243818043,-0.3912485654393646,0.8412899056089879,0.30182466597002544,0.028795536234313843,0.11414992537381498,1.2742861168191173
-2.376487631912574,-0.054935067267392834,2.0670884000606504,-1.8050728385020787,1.063048007825652,0.7404846598257631,1.0696485951889858,0.3688701238863591,0.23305692150783586,1.0698381729124664
-3.556438756429182,-0.20966848402092378,0.7107446717959285,-1.8316583503173844,-0.766757200553415,-0.9841001526955633,1.5522412527407727,0.9115534930698137,-1.4038078883964418,2.151191781509909
0.7878498068316682,1.1589804281472778,-1.6499040750725564,2.4790735333740797,1.3647568409919182,0.2766055854854652,-0.959468891768209,2.019076763813351,0.5016151238439053,1.2590055772920157
-1.7119082720929222,1.4941159324249484,0.5133908349070401,0.1034804545396324,-0.23020469648618036,0.9640104697956557,0.6969966045930484,-0.4133259964423322,-0.37521053355049383,0.38695620412224135
-2.7836421450240385,0.25345451603873076,-0.532064832771577,-1.3305722290565527,0.5589772973083601,0.17761151915835818,1.7035565086597093,0.549154626351788,0.7098025429660719,0.5343878960058815
-2.3988024350091237,0.6107766281443092,-0.42878776601034957,-0.6752168796601451,0.5078305881206664,0.4714762668577937,0.7769599852155489,0.5845591078820431,-0.5648083438167163,0.6784751783899153
0.9443960235061903,-1.1876072579895214,0.7399967262523554,-1.9494215414730278,1.0706705974871287,0.06787728849169349,0.6857900792528124,-1.8638863654631406,-0.5830418812498406,-2.2027210756392854
0.48755720383780343,-1.136797566757583,0.6569637272967686,-0.12313511050962533,0.792209217713812,1.1673043707421604,-0.49110627154586917,0.46842461989177564,0.7485066454262079,-0.269106240969566
-1.2392772944902368,0.48505894376220754,1.5747182313370813,1.24281447862862,0.7133556488742269,-1.5111259021754913,0.13010347367218053,-0.034197613244310386,0.42479186834023497,0.13736828368398235
-4.07847002651141,0.5862071308421326,2.4521644977121193,-3.454101303276223,0.7939636755485745,-0.8151512971698597,2.97506120584817,0.09413357780618911,1.50469017179156,0.1120948760598329
0.021729496925654818,0.9795315967950806,-0.6405892513683152,-0.38551072642315926,-1.2530169489064196,-0.12782897946805385,-0.27800005363485203,1.2932116885085987,-0.4213675607611051,0.768395764031518
0.0856078990520368,-1.0020585972699199,-0.2097694603367216,1.3909133908893503,-0.4469402323975905,-0.12789390746758905,0.321402089207484,-2.225767051123488,-0.2934712554142767,-2.3359323940767887
-0.13999499569346024,-2.049950118505742,-0.348884214838826,0.062255324225563624,-0.48951455944488514,-1.9143934382880763,-0.35595652311974574,-0.7852357661302025,-1.234924789779527,1.6835897392335213
0.490819698303855,1.2580264342512828,-1.3672696532201567,-0.056351044136465245,0.5548309603863628,-1.9001343336547223,-0.2565457313363687,0.5049462314281243,-0.20730754499661022,0.5399428283392609
0.7906541985573716,-0.8558441443901019,0.694036269938256,1.706435646001665,-0.2323703223115956,-1.234687748790668,-0.6677517158518791,-1.4965433177669905,-0.470325410298503,0.3188131428581422
2.95731478434195,0.06367783804802388,2.010613336594437,0.4192313525530406,1.0437832818834571,0.1169964930862667,-0.48079998858508366,-1.0258107461277088,0.9037393628202828,1.446403577529838
1.7203038962085648,-0.09659091000807614,-0.8126196818678386,1.1745195916454318,0.21044118504948942,-2.0803513416862356,-0.40595557690046663,-0.0695637103785564,0.49342111571427516,-0.17693842994304662
1.6853547726380347,0.03402242219882619,-1.1490897949961631,0.15303838717478396,0.6283460150804354,-0.6426205057108116,-0.2320621574284737,-0.6696293992794341,-0.7610250838439365,0.2587889253819168
0.6332994355817436,0.3296876420292276,-0.5251290641727367,-2.8155210317682995,2.732764545364408,0.6870244055902945,1.9315007611712154,1.3340804336454617,0.7897103173103821,-0.6220796659096329
-0.5584407772039599,0.7047218927737319,0.4483008169591444,0.1823892346221806,0.6650246476754624,2.038507297225111,-0.18636766163272883,0.1245757893384485,-1.0965272191640754,-0.12832255497816655
-1.887271052182653,0.9803237172152093,0.02654793140617734,-0.45946088686737774,-1.1161062343259172,-0.5887655593639006,0.23544867990460622,0.6596422092927474,-1.6266714484029567,-0.3563221732251121
0.28448080278886023,-0.40743558243921274,-0.8425024781710898,-1.8592748004016975,0.11201816404707728,-2.7182325786056145,0.3898589525602917,0.1446421129128439,-1.4754348799022585,-0.8077947354058769
-0.335573113026757,0.7570581347308567,-0.7033523457202575,0.16027092596867926,-0.993050828759761,-0.7894772290071509,0.08787856719881575,0.2042889126325125,0.8540748074475271,-1.8556623639750913
1.9731662408396093,0.9292097924153867,-0.7322205988459922,1.137557302167127,0.5302992211735722,0.25369995431174774,-0.9782257042604093,-0.3682875143299719,1.130309166964626,0.31307081846843726
-0.0838449017064929,-1.4313908580671886,-0.19432695812574508,0.0961895222124286,0.23906530464536027,0.17252846005967093,0.13551990988940163,1.027090220076176,1.2295035968288268,0.24336592213930935
0.6077052606117671,0.9914074670316071,3.434346426103842,-0.14059710871603381,-1.131406579527017,0.9970192901316043,-0.7833359714850648,0.6357443799397724,-2.3352498033276885,-0.9419483971660897
1.3287698599536957,-1.746177021549243,0.00635736538366547,-0.05500400493675889,0.5707438471884919,0.5490595676708416,-0.21387279356827996,-1.74146153092045,1.8142329009864437,0.6060711479397494
-0.08987326306385478,0.28876917629742194,0.7887701942517173,-0.8223204311535035,-0.18825190973006334,0.22824134644339256,0.012286864650283837,0.6393372669649579,-0.6692179981309363,-1.2601972196645137
-0.4188228550097295,0.04505923572263872,-0.15426553779971955,-0.006944004681054161,0.6412379046460033,-0.6075536455128264,0.7172225030170144,0.6958577736744824,-0.9686880302878252,0.948171359716872
-1.4312093753259671,-1.164862496393248,-0.800413149106269,0.3724807964905841,-0.2011447269995218,0.2019303443922661,1.2871877385759654,-0.3367081541798657,0.9813075875482927,0.576140766036584
-0.45303517299119034,-0.5957012449863047,2.194912745287771,0.24841793732663298,-0.28196382684660687,0.13320536796921126,0.821477477160949,1.100381811104249,0.06757776693960703,1.821627662380148
0.2268289381796515,-1.2659001345903083,0.2565348129603078,-1.095681042821633,0.2872883381105463,-0.812964162328907,-0.0906735054886973,-0.5097068446119467,1.1926241688469525,-0.4906833657001821
3.7786655448944737,1.2289542705077567,2.095788885200346,1.1159825842260322,-0.7381274027220659,0.24581975723053903,-1.8380583997389293,0.06016492132075607,1.6075438062487106,0.1010415343206933
2.425856038330794,-0.9685472847827608,-0.3814464603645933,3.3135505227676587,-1.3741309367153443,-0.059814764761657785,-2.2396454511143116,1.587283076260992,-0.013964864632654804,-0.3586872222452141
-3.0567706983254945,-1.741548284779103,0.46420911134998494,-2.0537372426868354,-1.7942458701609885,0.9988319908094524,0.47015507965579634,-0.25878686686358127,-2.234492083978963,1.3257461749872304
3.0138262314063353,-0.6415872144919562,1.2359638523151624,-0.534567084306542,1.4028629969041335,0.12902976147095235,-0.9616739279825635,0.5352298766072732,1.3349272862483814,-0.2807357607400424
2.2289064434592856,-0.13177426319607247,-0.6475606557823432,0.9351905667531615,-0.09848953263176387,0.7527174410287071,-0.516100332974463,-0.6995147270015479,1.3877720549766248,1.8548785430741082
1.7147305130538202,-0.7243099860056981,1.3619279970914229,1.8878164843716074,-1.7488382137146063,-0.0824009701354882,-0.8987108851151564,0.6089844382396093,-1.804482250611395,-0.45228433454806033
-0.012066118386074187,-1.1004328415116635,-0.7286872165133459,0.3746681887936867,0.5492892114483546,-0.04029803411997846,-1.0688992986934633,0.31834438354020794,1.2496365093182054,-0.3617060641757952
-2.1733581333365364,-0.3618799673684314,2.3856219598132093,-0.7499545823446454,0.03784486143470898,0.6029594912260337,1.0978295416280037,0.27992882987814743,-0.5004102984620712,0.4711120811795995
-1.9634358950199626,-0.7214116839009096,-0.4963848208579964,-1.3565970501836961,-1.017973328073762,0.7761046431991304,0.30888002307907725,0.2644757730345333,-0.671386626373577,0.44385383217958185
0.7355508741145211,-0.26722934054137143,0.277982451859398,-0.05867649484292288,0.5818763420848903,-1.2609169431974279,0.06662215302609224,2.128475451481992,-0.8592553639060174,-0.006870392157431948
-1.3100420613182178,0.3730007926538965,0.13459442318229653,-0.540876361751748,-0.23535564273998044,-1.545561411063033,-0.1141991259340472,1.4432872272666708,-1.8641290876049996,-0.6598938729667423
-0.1508103478871642,0.8259371618884078,-0.1643666289885871,0.06696567695154965,-0.24339482585599942,-1.1298084215401978,-0.4931889286248962,1.3550209683649217,0.354349882921173,1.477229451547286
-0.13940495699153904,-1.263877493800934,0.20659646175123622,0.8213110319115102,-0.34587235483893736,-1.1005539110328977,0.19577158280123588,-0.431924114873121,0.29250612647193996,0.8370438495852253
-2.80800105018999,2.2835219761687933,1.8308611494104412,-0.3886636760377695,-0.6369342876262406,-1.7768743551217248,0.8707951615756337,0.5568574802886255,1.8321612195958437,-0.004890950575266429
1.028766049792167,-1.3010801707322388,0.6724183753553986,0.34815871878270155,-1.057147510445099,-1.2433075974626893,-0.4807893524805973,-0.2949207024467018,0.1746868804454558,-0.7012472571298242
-0.8734630824117777,0.7529676281400718,0.6229617272037272,-2.4356240086762773,1.238905335972535,-0.18317799831187123,1.035135025803662,-0.2091658450724712,-0.28074990297445934,-0.020963925510805285
0.571930946805236,-1.0791109273092083,0.35482362252842864,0.11483081740585976,0.246703106716033,0.9161532802241572,-0.6467974437160925,-0.7398613326953647,1.6228931235935664,0.4634247273042543
0.7057791430544611,0.14974342281925804,1.4328669678333399,1.1765256886087203,-0.7682884775564884,0.4747051396264667,-0.7435367790534317,0.33181216425936205,-0.42443488009703906,-0.019357354904894625
-3.4697277718434925,0.06704920237783639,-0.3263326020456584,-2.3492259444466095,-0.4799550567173412,-0.5441321077354427,1.2446177311002324,-0.6724946547906219,0.49928539181962345,-0.8222763952841275
-3.2922359042471694,-1.4287383190708005,1.727613485580374,-0.13088055301524348,1.3906491939661998,1.5853543340197451,1.0212942222019863,-0.5024587217407417,1.3118438833568224,0.00031399010850717736
0.3695505897078187,-1.3892609692850875,0.6315540544707654,0.7123124033475059,0.9285982475718455,0.519114518776529,0.10316489354504324,-1.1105379846361403,-0.5743219882759992,0.4734309684731616
0.055312312288408015,-0.5436673815958872,0.78374180969487,-1.0310527625412997,1.739907602973778,-0.8182140467781462,0.4970747108017871,-1.2319433914443214,-0.4180601132907342,-1.3560260017954378
1.7642195913115752,1.5229585513700483,-0.013180432242140367,0.9173606979855563,-1.0101818872520678,0.0029028062824768466,-1.0331280527726145,-1.113122405011583,-0.917478173756785,-1.0341029895467855
-0.12862389010373132,0.5271083344564349,-0.32742244475055243,-0.3301671507895548,1.8575339024214534,-0.6671606579708473,-0.16412069452550052,-0.1093588445001911,0.8359366934592342,-2.336145374202894
1.3165229053586887,1.344689370575341,-0.07950078766493233,1.6592539802806723,1.3522455586315847,-0.14581892440177438,-0.4235830391073418,0.17651875787322863,0.868003498943721,-1.1524118797452536
-1.317663982539162,1.8548739816549031,-0.5244079219227686,-1.1382357417333324,-0.09832404922229,0.4416620289720223,0.9114905555604351,1.4987524929776752,-1.3336909522731928,1.3956012077136473
0.02686476942214311,0.5180437625237686,1.136328419853853,0.4988416283973025,-0.8442906685953979,0.20102049350490092,0.5854962428817558,-0.1677679083159147,0.01758088858439555,0.21439022522738108
-3.0438486208214846,-0.9170473529263394,-2.5041991790607447,-3.3554025094312268,0.18130179620164877,0.10805739304672443,1.8151167005867943,-1.8857454536739457,0.3324993323208928,-0.13294523795172225
-0.8730908079428854,0.06620667619237573,1.8929489013248937,-0.7220280617027761,0.011845121845858354,0.2597961985211541,0.4799038130735221,-1.7303048687157538,-0.2372025065511239,-0.3030978388774447
1.7616250237314441,0.29069436602188253,-0.2806302697144214,0.918213549475625,-0.4949457192461952,-0.9135742784899087,-1.5471383674580865,1.0304246561213697,-0.08122764969739424,-2.134902562028187
0.24167565930733304,1.047532441246067,2.07586625755654,-0.40780358644939246,1.3261723373117633,-0.29048972965379355,-0.39725163032604516,-0.6833374003767436,0.5518444581160973,0.46443417375286383
-0.29210626238302306,-0.5939322315923419,2.0504672230137944,-1.493229789865242,0.1873263779683328,2.8585872200839506,0.47989501500676385,-0.44746836218210606,0.9960381563425887,1.1189607239187385
-0.5126843437608786,-0.29538564393101463,0.27667014424688724,0.5008304993749131,-0.8837088148500919,-2.508146145222003,-0.6554999382177304,-0.5961642516231594,-0.5781748545678091,1.511432400064218
1.5320659542711583,1.1727696217078323,2.0662199030723123,-0.6219783002973048,0.7415381805783201,0.27392689369404405,-0.2553151852405041,1.8722297894622726,0.378244207633835,1.3111795200825664
0.5941453892504144,0.6722828185933056,0.5430085111422241,0.8262202522072437,0.5364810051235864,-0.3326535612557243,-0.2573875335533668,0.2031953253493176,-0.9992941234334588,0.11425329950359475
-1.0507719996939362,-0.1299424945568834,-0.2887026437027489,-1.1457239704081064,1.2199084164537763,-0.4180640878045248,0.1788312654382493,-0.7738314501803837,0.28120887044631926,1.371296065374364
0.7988605130653103,-0.8613293517617129,1.2592599388338321,-2.8895443068917537,0.09405015296733729,1.1835702632317049,0.02315881372940833,0.9271185644793359,0.2826596777533159,0.2225097963646084
-2.530991082940746,-0.1570649158305539,0.678781490098347,0.159969161818466,-1.5803744415564838,-1.1432009833645012,0.8789238400494935,0.3777659628206306,-0.46934987377505516,-0.5702060719059642
2.7411768717495457,0.055245179157060065,-0.8676434699406557,0.1556608418526777,0.8008023151803926,-0.483143862284486,-0.29706199088125096,0.6845499166985513,0.21927465477385427,0.35238666151816495
-0.6728717275439322,0.3515034787135392,-0.4730235531739604,0.41479045694491457,-0.9389489299098687,-0.3979985165332782,-0.15665643627099454,-0.5352959898213592,1.386948203297297,-0.35913815362568674
3.666712870085901,-1.3226192838504258,-1.3181971662174357,-0.43959259992858857,-0.031610681317865284,0.268897348329148,-0.40544962192802814,1.4588233937943098,0.4172783847785773,-1.010438241501783
-4.1539544513957924,1.4020597080665855,1.2255386202098277,-0.8276389910907789,-1.9238268420290887,-0.6500503310178191,1.196235150941201,0.5558548282159176,-0.6012741704894535,0.898288052245786
-0.11917902420688997,0.7907071490530867,1.1419575322802233,-0.8087883048551018,-0.09838421478996666,0.32889721293036434,0.34420902833246236,-1.0670500689631433,0.19527320900377684,0.3341719417926302
-0.8545481314799763,1.8458608874824758,-0.2280556396703285,-0.5941475400826088,-1.116649528956681,-2.051660200381793,0.6005927271572699,-0.05671089840449567,-0.9144611089375577,-0.2584458565205041
1.0528758776587277,0.28465814022300145,0.01193265684128611,-0.18523605530437529,-0.08156663317037383,-1.7207106796176326,0.08537485921960751,-0.5360470160620072,0.9107539737292901,-0.46851265281273685
0.057258996895057424,0.19542731994599627,0.8100417542797947,-0.30565453769146067,0.259856908155772,0.5713155419430292,-0.13046492606911742,1.0895273912737689,0.9980192540965495,-1.4320397569562016
2.5444418172965726,0.8830821421853263,-0.3063600846633279,1.7576933300708752,-0.38991456181257805,1.0602816011210592,-1.113118409078324,0.12243246584873728,-0.041028878963107626,-1.0532876177993267
-0.8595422162828317,-0.21375045438811394,-1.0505352775068182,0.7361430951150228,-0.4301025406684907,0.17384824981718333,0.6791889497242196,-1.2394643511219714,0.9295533259856648,-0.11126906050360931
2.3269014116828086,0.18549846829531969,0.8773642365476685,1.9743582477083872,-0.3932822160947896,0.4314879350262684,-0.8805297557312155,-1.69816998622789,-0.005196365715432929,-0.5107097798535273
0.06221250624555086,-0.4349669651583796,-0.7551183478160072,-0.2925928790085364,0.040576815741088575,0.16967055359788014,-0.4031714755299119,0.20008940179161072,-1.1407528761712387,0.3065101907534988
-0.7198578632005577,0.22340881885076427,1.0742765353671848,-1.0292237515086249,-0.5438319562631406,0.07165451638451692,0.15152121521489245,-0.7345153597015939,1.863787875246731,0.10416814495696719
-2.48062194881688,-1.5457585712563218,0.08156641412283722,-0.8736481040335041,1.3681045483194214,1.694798802865295,0.2957573346746811,1.2949539832131365,-0.02855781331442551,1.1620878635838012
-2.726395027261625,0.7424800552210813,-0.6651488560409433,-1.3526832262685093,-0.7291681986983111,-1.0978944100872512,0.7031650754849107,2.4617959881469442,-0.8010216688543352,1.130437977705929
2.4329587993390533,0.8221246603477539,-0.14618552737785268,1.9775736639003152,-0.9679231190547676,-1.37230641383493,-2.1186640520987727,1.6633396659743618,-0.8925758750891978,0.40110117467369377
-2.8788089512497206,-0.13879081092418466,0.5634472398181071,-1.9143964230335113,0.7373541933673978,0.014947631152806161,1.7771482885217809,0.21474884082600426,1.0928174489616247,0.22199026512925826
1.4439942820845664,1.7963401085633548,1.7073809383761687,2.6433780465434498,0.7627217840209749,1.3325236704157544,-0.8806942244497513,0.1662700291920018,-2.380729837240994,-0.07814735820082802
0.26610547655940087,-0.5605401639639892,0.3746087677513253,1.8980680511650738,-0.2149898488285411,0.1381590431554036,-0.9660943549600244,0.44348694490866003,0.2984366763627017,-0.945448698036601
2.7280594157293607,-0.5825165878937894,-1.025544935153516,1.4960182956106822,-0.19393257172416234,0.005786764900189161,-1.0193980900781883,-0.40270236720977276,0.5818370679518798,0.2813064329255267
2.840931797606343,-2.4220394745089107,0.44955829737855185,1.228439396035244,-2.2159436453381733,1.1330832144366927,-1.2837935024252254,0.44919261394134063,0.008352354664099431,-0.03261033134144808
-1.8861406043238982,1.3814341760521136,0.15876283355329227,-1.6329893576748984,0.5658356789777645,1.825591674954532,0.36287369442834055,0.08995569746910975,0.04381666359140859,-1.8509685556899043
2.2882809493893417,0.19999838758832159,0.8855584376237268,0.9635342019062512,-2.1840819828295177,-0.30601182161202917,-1.76607095536561,-2.2842943675402516,-0.24083410393959737,-1.013064896202779
0.032721312714791395,-0.3711481586749791,-2.989933355003216,2.6459149815749843,0.08952855425253733,0.2887032728846116,-1.1128683593149444,-0.5508235870972454,-0.3109883507063083,0.6283907735248575
0.4727366134988844,0.9727104116370814,-0.2084535298513069,-2.5268588665271574,1.3707711394487156,-0.4222647241854171,1.1210108295502823,0.3090904843971638,1.5324171768567685,-0.9336835976268637
2.305995057954357,-0.23967655182146447,0.3358124388662898,2.585532038507585,0.14505400460665852,0.6503254255410666,-1.0147410618468933,-0.0016114242858791912,-0.39304545435447324,-0.1738181315712761
-4.002498813348892,-1.69813521226865,0.23724820733565954,-1.2979331332691157,0.18954288593779425,1.0065558609477776,1.2213210755135642,0.5988636777390133,0.8132362345468613,0.5575245609044355
-1.4952951326948383,-0.5348602760538211,-0.13053756720850723,-2.1320525442949485,-0.17056591786520953,-1.1835713856824654,0.6949360821453371,1.9821386352716188,-0.3108678289826024,-0.6900145562104169
3.9008500093479794,0.2007168691284159,1.2971358989168484,1.5043515453854766,1.79558530493921,-0.11182398339929912,-1.3028802744226786,-0.1289567467924398,-0.5262257649121347,-0.9580163568824287
-1.5368873055353487,0.4982263175670724,-0.604324613052236,-1.4569513098116658,1.3279745857088001,-0.13215093897155666,1.1349245008564448,1.4550026523553155,-0.6161951182154674,2.193831967091717
-0.8039840271557911,1.1027545554835134,-1.1445975756104798,-0.6960001163174054,-1.396092713984134,0.08483177535746551,-0.363900304639697,1.5497091216880343,-1.2240007301985232,-0.30077952861798624
0.8380171928547058,1.0382777817606348,-0.6503493657964868,0.5454529083743801,0.4435649895185334,0.3144455334328145,0.2881058672272107,0.003952229833623125,0.5743550507440356,0.19518236825151117
0.39347305212662964,0.9084534879985378,0.07137782340726931,-0.5035961468268657,-0.09705041069412237,0.4281027015017043,0.3815553347951952,-1.0876455296674237,-0.5343089654023279,0.7559688195407063
-0.04999848005092078,2.343736839536089,-1.9590314139242835,1.7726291965899774,-1.3509661350826492,-0.26348006188398027,0.006289231333475277,-0.0671086868026906,-1.766432149683434,0.9140412661236245
1.024180342581551,2.2525063258002267,0.7273504939827928,0.19315684773712438,-1.2652462490904322,-0.9759903203765816,-0.6340836946279793,0.09126411729015321,0.46699020703057287,-2.234700892681796
-1.9906179882567794,-0.998666213857322,-0.8798282028749648,-2.161160334407221,-0.7013399268277852,-0.4252536087125489,0.3836499209657239,-0.2974329034370294,-0.0266041490693527,0.21748605084657063
-0.9031232729197994,-1.2185954420129304,0.09784276998421294,-1.541847210535021,1.0922578432566352,1.5501961258047394,1.2832275563602613,-0.3560859647893713,1.7810479229114762,0.41808075519274096
0.4790788663836447,1.4789162727767693,-0.7800932881580777,-2.14099000005567,0.24921635663946323,0.45249591451991555,1.1845548939790487,0.002571300219603034,-0.03145406649623839,0.5633560455748998
1.8662820633163455,-0.5105799401080693,-1.7694647507175516,-0.3674257533399069,0.8797203828398684,-1.101527918750493,-0.5439528640795895,0.5792612602890286,0.43506297482074047,0.4397465611803184
-3.5435099371152585,1.9922576531662672,0.7358653021236714,-3.3683964432622107,0.1231272762391409,0.08334606921936853,0.8718023646612436,-1.5942782440658694,-1.6723938570822303,0.16674006853731096
0.7272363571134642,-0.12544450102323193,0.016456302773749678,-0.5630123083070335,0.5378719724260684,-0.6882066798876078,0.14157145345888483,-1.0740209119459792,-0.894708881081951,0.7308473980042349
1.366780111492794,-0.1950748372524601,-0.608963331720862,-0.6003797036426127,0.29120155670576053,0.6331416543752515,-0.14421132152198735,-1.5348298803328424,0.025483618760296214,-1.071729525238257
2.6319364764541624,-0.24061399538335085,-0.2994304176532328,1.3219114494753361,0.38749564645076234,0.4256517177448024,-0.904053575324042,0.29436488263249183,0.8538842550318794,-0.9611371353279011
2.5764921346365766,-0.5659417661158163,-0.5596587165463811,1.9891395764856445,-1.3234519662052049,0.9760387669939575,-2.0119584426488974,0.7773247037714613,-0.13840927199406503,-0.25353051319087416
1.9613020114520183,-1.5770323013040217,0.19685367864379505,0.30018346606807483,1.2929483421742876,1.1844700911090542,-0.05076234012110567,0.5340358757202606,-1.6179746552922554,-0.43573094017166875
-1.322040947212696,1.3262964602869767,0.2665226108541745,0.3954240311150443,-0.7709898475224374,1.69721389182505,0.5623357188802934,-0.36017088602751274,1.445653669730542,0.9195997326439004
-1.384107981059964,0.9190377839371061,1.001277448222526,0.13425806348963548,-2.19603523850505,-1.0028854459324321,0.2373236034149599,0.4191504036780126,0.53884585708903,0.5090621454944491
1.2764460615801085,1.167651452797654,-1.362823822882304,0.840596161815328,-1.2533302712804535,0.3055869011850291,-0.6166189387632172,1.0245241005439594,0.3849043483538638,0.4672271563717514
0.5951522429508055,-0.22799260991654505,0.6206179517943096,1.3948548419285947,-0.3847805187689812,0.39016627444991603,-0.2710372173869039,0.7172050491656419,-0.7279332531272513,-0.7715429625609762
-4.836505055922161,-0.24403063541143533,1.4357111494379853,-1.9629779370603977,-0.9445103858201256,-0.11094055482970794,1.7956627904400415,-0.5899834979745587,0.9459620050923422,-0.16965710782698204
1.920884969617166,-0.09315488280452158,1.1800092680318681,1.3548513095486954,0.10903504988325818,0.08888773869793297,-0.8073813799292182,-1.6599677703697338,0.9783462035298442,1.282683561437421
-2.030569406516665,-0.1721705770359978,-1.8132273597974775,-0.1594021609938705,2.0856442049126613,-0.34038234374121923,1.5773563330811728,-0.5592589107260069,-0.46342267834756706,-0.12612123141974094
0.5929280052546647,-0.6782144266877014,-1.0850657600060054,-0.7363758952459113,2.1800887017566146,0.6317767219656228,0.20526532719431337,-0.698267995424329,0.21101126626071876,0.7949116014636922
-0.8937683555261351,-0.24977825877747808,-0.33645733281191137,-0.3455829492696183,0.28150390771288103,-0.28991954012829646,0.3039170353929987,-0.8012614901292172,-1.5249774368295168,-0.04222782325928083
-0.44616834472810696,1.5575689226514566,-0.06985805013209287,-0.7495091119859953,-0.9011201469403043,-0.34419834949218103,-0.2253431261782924,2.21185883676798,1.3229550785019735,0.9558321716892446
3.3348153505662665,0.7427565670015038,-1.2027253079120106,1.319634369639189,-0.7233467992925952,0.9321029366454088,-1.7857824289032223,-0.8183252280148042,0.2493566097265679,-0.2522766563955079
-0.27113235781336353,-0.443762913736892,-0.48253505139251,0.6735062030985859,0.23246390411405204,0.5835912523085011,0.2718198770533145,0.2020161638777468,-0.3748371871583023,1.0264472879828186
-4.515149386096217,-0.963573562226169,-0.5194238125427905,-3.3211131040962694,-0.4782844707060573,-1.484114333918614,1.7673371122942154,-0.15169796722596995,-0.9371598449881916,0.33689394789508553
-5.602822404634312,0.8891787443382794,-1.314167477671156,-3.9686053601958444,-1.2772246118063,1.079582016264445,1.2251707188332839,0.2498914927063796,-0.3271402103473287,0.3247848569969987
2.376648192613655,1.2372541920882854,2.299759075861825,0.34073355205797906,1.4563808250106267,-1.0061387904484116,0.0713194194725768,-2.141965245479362,-0.0030864776992497876,1.414242420383924
1.4834566774614852,0.17552763466336593,-0.3016458112214288,-1.6434372014387395,-0.19963735406163002,-0.30759719144615355,0.500011854264707,1.0192425319001361,0.2883607561765527,-0.06768523840590075
-0.3362778104791708,1.1394444824693106,1.7806436756667618,0.2996096948335505,-0.3832233520168085,-0.6084533203430866,0.173344815669647,-0.548551301545321,-0.16895767683055243,-1.1014329410670185
1.134140622060297,0.03398465248535922,0.9992483689603978,0.4704528996764287,-0.6182549806204384,1.425139120201808,-0.49598031088867794,-0.7098545052894331,0.3502593694910637,0.65324303833514
1.7950256919941194,-0.8327739796296992,-1.417176259142534,-1.2603912844241068,1.7738521312250553,0.259277015434325,-0.2830328360037749,-0.826349604177641,-0.15150559560279814,-0.7675124022890947
2.261560641822738,1.2887338970797488,0.4249668889027688,-0.039034762882342755,0.12439424595842867,-0.03067807471509552,-0.49633242691544543,-1.5199237544342683,1.2003571744041768,-0.2460408132581654
2.1754874720581383,-0.17185517559668603,-0.015458295171107198,0.919330984678604,0.7977904164442384,0.20328507950157548,-0.5024845195687793,2.0196688001693537,-1.9809588867721364,1.3078000038120794
-2.6596452853660857,0.5388376840364382,0.7963326105758823,-0.29044259517132426,0.05943146591720944,1.0780461927784002,0.6369821226823559,-0.5321068795725649,0.717062423606771,0.09005401851900555
-2.826109695572109,1.9785701239712081,-1.1473982907627323,-2.790596896028851,1.8547792419803317,0.06296786472904911,2.8961305505071007,1.0355305095715612,0.5172564308598678,0.3111817782940007
3.559321270776788,0.889020212921827,0.8531649107715196,0.7249119504555057,-1.0958772330950617,-1.4772379738927297,-1.3040547654889563,0.4303415205956819,-0.13340409156051639,-0.15348541801159432
-2.695805704136909,0.1991409530709375,-0.9618715678448602,1.5357170134631115,-0.2730262187256223,-0.16221391926546505,0.4101339765182373,1.3965777766969325,-0.42525151915100734,-0.08498470691910211
